code_version,timestamp,time,symbol,open_time,open_time_str,close_time,close_time_str,is_closed_candle,open,high,low,close,close_change,close_change_pct,rsi,mark_open,mark_high,mark_low,mark_close,mark_close_change,mark_close_change_pct,mark_close_time,mark_close_time_str,mark_source_timestamp,mark_source_time_str,mark_age_seconds_at_candle_open,mark_close_age_seconds_at_candle_close,mark_last_close_spread,mark_last_close_spread_pct,premium_index_open,premium_index_high,premium_index_low,premium_index_close,premium_index_close_change,premium_index_close_change_pct,premium_index_close_time,premium_index_close_time_str,number_of_trades,trades_change,trades_change_pct,volume,volume_change,volume_change_pct,quote_volume,quote_volume_change,quote_volume_change_pct,quote_volume_source,avg_base_per_trade,avg_quote_per_trade,price_range,price_range_pct,candle_body,candle_body_pct,candle_body_abs,candle_body_abs_pct,upper_wick,upper_wick_pct_of_range,lower_wick,lower_wick_pct_of_range,close_location_in_range,taker_buy_base_volume,taker_sell_base_volume,taker_buy_base_pct,taker_sell_base_pct,taker_buy_quote_volume,taker_buy_quote_change,taker_buy_quote_change_pct,taker_sell_quote_volume,taker_sell_quote_change,taker_sell_quote_change_pct,taker_buy_quote_pct,taker_sell_quote_pct,taker_buy_sell_base_ratio,taker_buy_sell_quote_ratio,taker_quote_imbalance,taker_quote_imbalance_pct,oi,oi_value,oi_change,oi_change_pct,oi_value_change,oi_value_change_pct,oi_source_timestamp,oi_source_time_str,oi_timestamp_alignment_status,oi_age_seconds_at_candle_open,oi_age_seconds_at_candle_close,oi_quantity,oi_quantity_change,oi_quantity_change_pct,open_interest_quantity,open_interest_quantity_change,open_interest_quantity_change_pct,oi_source_value,oi_source_value_change,oi_source_value_change_pct,oi_source_implied_price,source_open_interest_value,source_open_interest_value_change,source_open_interest_value_change_pct,oi_notional_mark_open,oi_notional_mark_open_change,oi_notional_mark_open_change_pct,oi_notional_sync,oi_notional_sync_change,oi_notional_sync_change_pct,open_interest_notional_sync,open_interest_notional_sync_change,open_interest_notional_sync_change_pct,oi_notional_calculation_method,oi_notional_mark_close_estimate,oi_notional_mark_close_estimate_change,oi_notional_mark_close_estimate_change_pct,oi_quantity_log_contribution,oi_mark_open_log_contribution,oi_mark_close_log_contribution,oi_notional_mark_open_log_change,oi_notional_mark_close_estimate_log_change,oi_quantity_contribution_pct,oi_price_revaluation_open_contribution_pct,oi_price_revaluation_close_contribution_pct,oi_source_value_error_vs_mark_open_pct,oi_source_value_error_vs_mark_close_pct,oi_source_value_error_vs_previous_mark_close_pct,oi_source_value_alignment_status,oi_source_value_apparent_lag_bars_vs_mark_close,oi_value_alignment_error_pct,oi_value_alignment_status,oi_value_lag_bars,acco_ls_ratio,acco_ls_change,acco_ls_change_pct,acco_long_pct,acco_short_pct,acco_source_timestamp,acco_source_time_str,acco_age_seconds_at_candle_open,posit_ls_ratio,posit_ls_change,posit_ls_change_pct,posit_long_pct,posit_short_pct,posit_source_timestamp,posit_source_time_str,posit_age_seconds_at_candle_open,global_ls_ratio,global_ls_change,global_ls_change_pct,global_long_pct,global_short_pct,global_source_timestamp,global_source_time_str,global_age_seconds_at_candle_open,acco_posit_ls_spread,global_acco_ls_spread,global_posit_ls_spread,funding_time,funding_time_str,funding_rate,mark_price_at_funding,funding_age_seconds_at_candle_open
FINAL_REAL_MARK_PREMIUM_OI_SYNC_AUDIT_2026_07_12,1781827200000,2026-06-19 00:00:00 UTC,ESPORTSUSDT,1781827200000,2026-06-19 00:00:00 UTC,1781913599999,2026-06-19 23:59:59 UTC,True,0.04315,0.05334,0.02729,0.02935,,,41.1172904394221,0.04247771,0.05299136,0.02833,0.0292768,,,1781913599999,2026-06-19 23:59:59 UTC,1781827200000,2026-06-19 00:00:00 UTC,0.0,0.0,7.320000000000243e-05,0.2500273253907614,0.00876037,0.03334696,-0.09188409,0.00679771,,,1781913599999,2026-06-19 23:59:59 UTC,3371022,,,5087736364.0,,,188211519.54027,,,binance_kline_quote_asset_volume,1509.256351337962,55.83218369392724,0.02605,60.37079953650058,-0.0138,-31.981460023174968,0.0138,31.981460023174968,0.010189999999999998,39.11708253358924,0.002060000000000003,7.907869481765846,0.07907869481765846,2427810998.0,2659925366.0,47.718883690176995,52.281116309823005,90014269.12577,,,98197250.4145,,,47.82612102895775,52.17387897104224,0.9127365109687067,0.9166679183562794,-8182981.2887299955,-4.347757942084493,248764735.0,10561563.05210205,,,,,1781827200000,2026-06-19 00:00:00 UTC,EXACT_CANDLE_OPEN,0.0,86399.999,248764735.0,,,248764735.0,,,10561563.05210205,,,0.04245603,10561563.05210205,,,10566956.27155685,,,10566956.27155685,,,10566956.27155685,,,sumOpenInterest * mark_open,7283035.3936479995,,,,,,,,,,,-0.05103853291527035,45.015951196852114,,ALIGNED_OI_TIMESTAMP_MARK_OPEN,0,-0.05103853291527035,ALIGNED_OI_TIMESTAMP_MARK_OPEN,0,3.7893,,,79.12,20.880000000000003,1781827200000,2026-06-19 00:00:00 UTC,0.0,1.4766,,,59.62,40.38,1781827200000,2026-06-19 00:00:00 UTC,0.0,3.4783,,,77.66999999999999,22.33,1781827200000,2026-06-19 00:00:00 UTC,0.0,-2.3127,-0.31099999999999994,2.0017,1781823600007,2026-06-18 23:00:00 UTC,0.00099402,0.04238,3599.993
FINAL_REAL_MARK_PREMIUM_OI_SYNC_AUDIT_2026_07_12,1781913600000,2026-06-20 00:00:00 UTC,ESPORTSUSDT,1781913600000,2026-06-20 00:00:00 UTC,1781999999999,2026-06-20 23:59:59 UTC,True,0.02935,0.03448,0.02811,0.03189,0.0025400000000000006,8.654173764906306,41.32976900873791,0.02929751,0.03436906,0.02891,0.0319,0.002623199999999999,8.959995627937477,1781999999999,2026-06-20 23:59:59 UTC,1781913600000,2026-06-20 00:00:00 UTC,0.0,0.0,-9.999999999996123e-06,-0.03134796238243299,0.00648698,0.02752216,-0.06880991,0.00234822,-0.00444949,-65.4557196467634,1781999999999,2026-06-20 23:59:59 UTC,1114868,-2256154.0,-66.92789308405581,1732303329.0,-3355433035.0,-65.95139360487508,54351360.28432,-133860159.25595,-71.12219251134047,binance_kline_quote_asset_volume,1553.8192225447317,48.75138606931044,0.006369999999999997,21.70357751277682,0.0025400000000000006,8.654173764906306,0.0025400000000000006,8.654173764906306,0.002589999999999995,40.6593406593406,0.0012400000000000015,19.466248037676642,0.593406593406594,806284338.0,926018991.0,46.54406214559667,53.455937854403324,25321739.27721,-64692529.848560005,-71.86919415872846,29029621.007109996,-69167629.40739,-70.4374400662206,46.58897062511084,53.41102937488916,0.8706995707823448,0.8722724720039626,-3707881.729899995,-6.822058749778328,472014291.0,13819067.9947488,223249556.0,89.74324917878734,3257504.9426467493,30.843019414616034,1781913600000,2026-06-20 00:00:00 UTC,EXACT_CANDLE_OPEN,0.0,86399.999,472014291.0,223249556.0,89.74324917878734,472014291.0,223249556.0,89.74324917878734,13819067.9947488,3257504.9426467493,30.843019414616034,0.0292768,13819067.9947488,3257504.9426467493,30.843019414616034,13828843.410715409,3261887.139158558,30.868748344673314,13828843.410715409,3261887.139158558,30.868748344673314,13828843.410715409,3261887.139158558,30.868748344673314,sumOpenInterest * mark_open,15057255.8829,7774220.489252,106.74423600951322,0.6405016522043593,-0.37147693828271566,0.08581061628771981,0.2690247139216436,0.7263122684920791,89.74324917878734,-31.028508834398096,8.959995627937477,-0.07068860118146619,-8.223197492163008,0.0,ALIGNED_OI_TIMESTAMP_MARK_OPEN,1,-0.07068860118146619,ALIGNED_OI_TIMESTAMP_MARK_OPEN,1,4.1282,0.33889999999999976,8.943604359644256,80.5,19.5,1781913600000,2026-06-20 00:00:00 UTC,0.0,1.1201,-0.3564999999999998,-24.143302180685346,52.83,47.17,1781913600000,2026-06-20 00:00:00 UTC,0.0,3.9875,0.5091999999999999,14.639335307477788,79.95,20.05,1781913600000,2026-06-20 00:00:00 UTC,0.0,-3.0080999999999998,-0.14069999999999983,2.8674,1781910000006,2026-06-19 23:00:00 UTC,0.00095579,0.03074702,3599.994
FINAL_REAL_MARK_PREMIUM_OI_SYNC_AUDIT_2026_07_12,1782000000000,2026-06-21 00:00:00 UTC,ESPORTSUSDT,1782000000000,2026-06-21 00:00:00 UTC,1782086399999,2026-06-21 23:59:59 UTC,True,0.03189,0.0345,0.0303,0.0325,0.0006099999999999994,1.9128253370962665,41.384473227618365,0.03189,0.0344165,0.03084267,0.03251,0.0006099999999999994,1.912225705329152,1782086399999,2026-06-21 23:59:59 UTC,1782000000000,2026-06-21 00:00:00 UTC,0.0,0.0,-9.999999999996123e-06,-0.03075976622576476,0.00392273,0.01777534,-0.00690939,0.00428885,0.0019406300000000005,82.6425973716262,1782086399999,2026-06-21 23:59:59 UTC,651821,-463047.0,-41.533795929204175,947102192.0,-785201137.0,-45.32700040779059,30740346.68949,-23611013.594829995,-43.44144005102594,binance_kline_quote_asset_volume,1453.0096330127442,47.160718494019065,0.004200000000000002,13.170272812793987,0.0006099999999999994,1.9128253370962665,0.0006099999999999994,1.9128253370962665,0.0020000000000000018,47.619047619047635,0.0015900000000000011,37.85714285714286,0.5238095238095236,445381808.0,501720384.0,47.025739330144006,52.974260669856,14464978.27892,-10856760.99829,-42.875257814779225,16275368.410570001,-12754252.596539995,-43.9353052298416,47.05535179883159,52.94464820116841,0.8877092145413011,0.8887650290930282,-1810390.1316500008,-5.8892964023368215,464003229.0,14801703.0051,-8011062.0,-1.6972075110327538,982635.0103512015,7.110718398119175,1782000000000,2026-06-21 00:00:00 UTC,EXACT_CANDLE_OPEN,0.0,86399.999,464003229.0,-8011062.0,-1.6972075110327538,464003229.0,-8011062.0,-1.6972075110327538,14801703.0051,982635.0103512015,7.110718398119175,0.031900000000000005,14801703.0051,982635.0103512015,7.110718398119175,14797062.97281,968219.5620945916,7.0014500369883255,14797062.97281,968219.5620945916,7.0014500369883255,14797062.97281,968219.5620945916,7.0014500369883255,sumOpenInterest * mark_open,15084744.97479,27489.091889999807,0.18256375599765298,-0.01711775141580737,0.08478995154535254,0.018941724525015174,0.06767220012954517,0.001823973109207802,-1.6972075110327538,8.84884073765997,1.912225705329152,0.031357792411423835,-1.8763457397723549,2.1752018507546172e-14,ALIGNED_OI_TIMESTAMP_MARK_OPEN,1,0.031357792411423835,ALIGNED_OI_TIMESTAMP_MARK_OPEN,1,4.144,0.01580000000000048,0.3827333946998808,80.56,19.439999999999998,1782000000000,2026-06-21 00:00:00 UTC,0.0,1.1801,0.05999999999999983,5.356664583519313,54.13,45.87,1782000000000,2026-06-21 00:00:00 UTC,0.0,4.0454,0.05790000000000006,1.4520376175548604,80.17999999999999,19.82,1782000000000,2026-06-21 00:00:00 UTC,0.0,-2.9639,-0.09860000000000024,2.8653,1782000000000,2026-06-21 00:00:00 UTC,0.00068123,0.03189,0.0
FINAL_REAL_MARK_PREMIUM_OI_SYNC_AUDIT_2026_07_12,1782086400000,2026-06-22 00:00:00 UTC,ESPORTSUSDT,1782086400000,2026-06-22 00:00:00 UTC,1782172799999,2026-06-22 23:59:59 UTC,True,0.0325,0.03297,0.02302,0.02549,-0.007010000000000002,-21.569230769230778,40.91237692273489,0.0325,0.03284563,0.02349,0.02548872,-0.007021279999999998,-21.597293140572127,1782172799999,2026-06-22 23:59:59 UTC,1782086400000,2026-06-22 00:00:00 UTC,0.0,0.0,1.2799999999993372e-06,0.005021829264079708,0.00330064,0.02334748,-0.07098565,0.00059305,-0.0036958000000000004,-86.17228394557982,1782172799999,2026-06-22 23:59:59 UTC,973732,321911.0,49.38641130003483,1922308293.0,975206101.0,102.96735761329545,53142040.37348,22401693.683989998,72.87391359073074,binance_kline_quote_asset_volume,1974.1656770035288,54.575633103851985,0.00995,30.615384615384617,-0.007010000000000002,-21.569230769230778,0.007010000000000002,21.569230769230778,0.0004699999999999982,4.723618090452243,0.00247,24.824120603015075,0.24824120603015074,878251482.0,1044056811.0,45.687337728194464,54.312662271805536,24300575.17116,9835596.89224,67.99593267674341,28841465.20232,12566096.791749997,77.20929243966592,45.72759156475098,54.27240843524902,0.84119127689882,0.8425568881710376,-4540890.031159997,-8.544816870498037,447671610.0,14553804.0411,-16331619.0,-3.519720980217575,-247898.96400000155,-1.6748002842280156,1782086400000,2026-06-22 00:00:00 UTC,EXACT_CANDLE_OPEN,0.0,86399.999,447671610.0,-16331619.0,-3.519720980217575,447671610.0,-16331619.0,-3.519720980217575,14553804.0411,-247898.96400000155,-1.6748002842280156,0.03251,14553804.0411,-247898.96400000155,-1.6748002842280156,14549327.325000001,-247735.64780999906,-1.6742217578259955,14549327.325000001,-247735.64780999906,-1.6742217578259955,14549327.325000001,-247735.64780999906,-1.6742217578259955,sumOpenInterest * mark_open,11410576.3192392,-3674168.6555508003,-24.356849662961903,-0.0358315610173114,0.018947608313725554,-0.24331173295953443,-0.016883952703585847,-0.27914329397684584,-3.519720980217575,1.9128253370962665,-21.597293140572127,0.03076923076921884,27.54661669946548,0.0,ALIGNED_OI_TIMESTAMP_MARK_OPEN,1,0.03076923076921884,ALIGNED_OI_TIMESTAMP_MARK_OPEN,1,4.2083,0.06430000000000025,1.5516409266409326,80.80000000000001,19.2,1782086400000,2026-06-22 00:00:00 UTC,0.0,1.2078,0.027700000000000058,2.3472587068892516,54.71,45.29,1782086400000,2026-06-22 00:00:00 UTC,0.0,4.0378,-0.007600000000000051,-0.18786770158698896,80.15,19.85,1782086400000,2026-06-22 00:00:00 UTC,0.0,-3.0005000000000006,-0.17050000000000054,2.83,1782086400000,2026-06-22 00:00:00 UTC,0.00043601,0.0325,0.0
FINAL_REAL_MARK_PREMIUM_OI_SYNC_AUDIT_2026_07_12,1782172800000,2026-06-23 00:00:00 UTC,ESPORTSUSDT,1782172800000,2026-06-23 00:00:00 UTC,1782259199999,2026-06-23 23:59:59 UTC,True,0.02549,0.03883,0.02509,0.03281,0.00732,28.717143978030602,41.66077314297748,0.02548881,0.03877,0.02512085,0.03278748,0.007298760000000001,28.635255124619835,1782259199999,2026-06-23 23:59:59 UTC,1782172800000,2026-06-23 00:00:00 UTC,0.0,0.0,2.2519999999998097e-05,0.06868475405855556,0.0,0.03055263,-0.03275152,0.00637153,0.00577848,974.366410926566,1782259199999,2026-06-23 23:59:59 UTC,1990626,1016894.0,104.43263649546282,3555907041.0,1633598748.0,84.98110079162001,119822608.27909,66680567.90561,125.47611540125634,binance_kline_quote_asset_volume,1786.3260306054478,60.19343074946776,0.013740000000000002,53.90349156531975,0.00732,28.717143978030602,0.00732,28.717143978030602,0.0060200000000000045,43.81368267831153,0.0003999999999999976,2.9112081513828056,0.5618631732168847,1697816616.0,1858090425.0,47.746372343933274,52.253627656066726,57212800.48675,32912225.315589998,135.43805067894166,62609807.79234,33768342.59002,117.0826182135285,47.747917783170216,52.252082216829784,0.9137427291785328,0.9137993311927991,-5397007.305590004,-4.504164433659573,475987847.0,12132320.95558584,28316237.0,6.325225090775803,-2421483.08551416,-16.6381454544522,1782172800000,2026-06-23 00:00:00 UTC,EXACT_CANDLE_OPEN,0.0,86399.999,475987847.0,28316237.0,6.325225090775803,475987847.0,28316237.0,6.325225090775803,12132320.95558584,-2421483.08551416,-16.6381454544522,0.02548872,12132320.95558584,-2421483.08551416,-16.6381454544522,12132363.79449207,-2416963.5305079315,-16.61220121396871,12132363.79449207,-2416963.5305079315,-16.61220121396871,12132363.79449207,-2416963.5305079315,-16.61220121396871,sumOpenInterest * mark_open,15606442.01375556,4195865.694516361,36.77172455734576,0.06133237215642637,-0.2430005570119448,0.2518107338479639,-0.18166818485551844,0.3131431060043902,6.325225090775803,-21.57289230769231,28.635255124619835,-0.0003530961233623705,-22.26081418883062,0.0,ALIGNED_OI_TIMESTAMP_MARK_OPEN,1,-0.0003530961233623705,ALIGNED_OI_TIMESTAMP_MARK_OPEN,1,3.6664,-0.5419000000000005,-12.876933678682615,78.57,21.43,1782172800000,2026-06-23 00:00:00 UTC,0.0,1.2173,0.009500000000000064,0.7865540652425951,54.900000000000006,45.1,1782172800000,2026-06-23 00:00:00 UTC,0.0,3.3048,-0.7329999999999997,-18.15344989845955,76.77000000000001,23.23,1782172800000,2026-06-23 00:00:00 UTC,0.0,-2.4490999999999996,-0.3615999999999997,2.0875000000000004,1782169200000,2026-06-22 23:00:00 UTC,2.038e-05,0.0261,3600.0
FINAL_REAL_MARK_PREMIUM_OI_SYNC_AUDIT_2026_07_12,1782259200000,2026-06-24 00:00:00 UTC,ESPORTSUSDT,1782259200000,2026-06-24 00:00:00 UTC,1782345599999,2026-06-24 23:59:59 UTC,True,0.03282,0.0344,0.02721,0.03029,-0.002519999999999998,-7.680585187442847,41.46605700416387,0.03277646,0.03426344,0.02736855,0.03027099,-0.0025164899999999997,-7.6751552726833525,1782345599999,2026-06-24 23:59:59 UTC,1782259200000,2026-06-24 00:00:00 UTC,0.0,0.0,1.900999999999986e-05,0.06279939968927299,0.00617816,0.062541,-0.05206537,0.0,-0.00637153,-100.0,1782345599999,2026-06-24 23:59:59 UTC,1089043,-901583.0,-45.291430936800786,1946406658.0,-1609500383.0,-45.262723812582365,59691675.76779,-60130932.511300005,-50.18329460100171,binance_kline_quote_asset_volume,1787.2633660929826,54.8111284566266,0.0071899999999999985,21.907373552711757,-0.002530000000000001,-7.708714198659357,0.002530000000000001,7.708714198659357,0.001579999999999998,21.974965229485374,0.0030799999999999994,42.83727399165508,0.4283727399165508,928111519.0,1018295139.0,47.68333046875552,52.316669531244486,28498179.14139,-28714621.34536,-50.189155400652105,31193496.626399998,-31416311.165940005,-50.17793900620093,47.742300370745824,52.257699629254176,0.911436658640477,0.9135936083956401,-2695317.485009998,-4.51539925850835,432057422.0,14166074.08267656,-43930425.0,-9.229316520764028,2033753.1270907205,16.763100271876343,1782259200000,2026-06-24 00:00:00 UTC,EXACT_CANDLE_OPEN,0.0,86399.999,432057422.0,-43930425.0,-9.229316520764028,432057422.0,-43930425.0,-9.229316520764028,14166074.08267656,2033753.1270907205,16.763100271876343,0.03278748,14166074.08267656,2033753.1270907205,16.763100271876343,14161312.80988612,2028949.0153940506,16.72344359073016,14161312.80988612,2028949.0153940506,16.72344359073016,14161312.80988612,2028949.0153940506,16.72344359073016,sumOpenInterest * mark_open,13078805.90078778,-2527636.11296778,-16.19610741987132,-0.09683382168572653,0.2514710424818451,-0.07985690705627653,0.15463722079611858,-0.17669072874200306,-9.229316520764028,28.591566259860695,-7.6751552726833525,0.03362169068898982,8.313206802948962,0.0,ALIGNED_OI_TIMESTAMP_MARK_OPEN,1,0.03362169068898982,ALIGNED_OI_TIMESTAMP_MARK_OPEN,1,3.1374,-0.5289999999999999,-14.428322059786163,75.83,24.169999999999998,1782259200000,2026-06-24 00:00:00 UTC,0.0,1.216,-0.0013000000000000789,-0.10679372381500687,54.87,45.129999999999995,1782259200000,2026-06-24 00:00:00 UTC,0.0,2.9002,-0.4046000000000003,-12.242798353909473,74.36,25.64,1782259200000,2026-06-24 00:00:00 UTC,0.0,-1.9214,-0.23720000000000008,1.6842,1782255600003,2026-06-23 23:00:00 UTC,0.00028453,0.03236813,3599.997
FINAL_REAL_MARK_PREMIUM_OI_SYNC_AUDIT_2026_07_12,1782345600000,2026-06-25 00:00:00 UTC,ESPORTSUSDT,1782345600000,2026-06-25 00:00:00 UTC,1782431999999,2026-06-25 23:59:59 UTC,True,0.03029,0.03609,0.02602,0.02826,-0.0020300000000000006,-6.701881809177948,41.29860506279199,0.03027098,0.0359,0.02695825,0.02826,-0.0020109900000000007,-6.643291151032724,1782431999999,2026-06-25 23:59:59 UTC,1782345600000,2026-06-25 00:00:00 UTC,0.0,0.0,0.0,0.0,0.00057786,0.01435611,-0.02478245,0.0,0.0,,1782431999999,2026-06-25 23:59:59 UTC,893688,-195355.0,-17.938226497943607,1625229177.0,-321177481.0,-16.501047182505065,50121024.15091,-9570651.61688,-16.033477857300134,binance_kline_quote_asset_volume,1818.5643949566293,56.083358119287716,0.010069999999999996,33.24529547705512,-0.0020300000000000006,-6.701881809177948,0.0020300000000000006,6.701881809177948,0.005799999999999996,57.59682224428996,0.002239999999999999,22.244289970208538,0.2224428997020854,802446063.0,822783114.0,49.37433282370859,50.62566717629141,24801425.8611,-3696753.28029,-12.97189291269818,25319598.289809998,-5873898.3365899995,-18.8305222942488,49.48307877034812,50.51692122965188,0.9752826101387394,0.9795347294700746,-518172.4287099987,-1.0338424593037587,414921246.0,12560076.88845354,-17136176.0,-3.9661802175915404,-1605997.1942230202,-11.336925000180296,1782345600000,2026-06-25 00:00:00 UTC,EXACT_CANDLE_OPEN,0.0,86399.999,414921246.0,-17136176.0,-3.9661802175915404,414921246.0,-17136176.0,-3.9661802175915404,12560076.88845354,-1605997.1942230202,-11.336925000180296,0.030270989999999998,12560076.88845354,-1605997.1942230202,-11.336925000180296,12560072.73924108,-1601240.07064504,-11.307144274979944,12560072.73924108,-1601240.07064504,-11.307144274979944,12560072.73924108,-1601240.07064504,-11.307144274979944,sumOpenInterest * mark_open,11725674.41196,-1353131.48882778,-10.345986469194992,-0.04046976715950762,-0.07952107700696802,-0.06874245089158545,-0.11999084416647564,-0.10921221805109307,-3.9661802175915404,-7.644144608661218,-6.643291151032724,3.3034939728432605e-05,7.116029723991497,-1.1461293310703132e-14,ALIGNED_OI_TIMESTAMP_MARK_OPEN,1,3.3034939728432605e-05,ALIGNED_OI_TIMESTAMP_MARK_OPEN,1,3.5086,0.3712,11.831452795308216,77.82,22.18,1782345600000,2026-06-25 00:00:00 UTC,0.0,1.3048,0.08879999999999999,7.302631578947367,56.61000000000001,43.39,1782345600000,2026-06-25 00:00:00 UTC,0.0,3.2034,0.3031999999999999,10.454451417143643,76.21,23.79,1782345600000,2026-06-25 00:00:00 UTC,0.0,-2.2038,-0.30520000000000014,1.8985999999999998,1782345600000,2026-06-25 00:00:00 UTC,0.00011456,0.03027098,0.0
FINAL_REAL_MARK_PREMIUM_OI_SYNC_AUDIT_2026_07_12,1782432000000,2026-06-26 00:00:00 UTC,ESPORTSUSDT,1782432000000,2026-06-26 00:00:00 UTC,1782518399999,2026-06-26 23:59:59 UTC,True,0.02824,0.03484,0.0264,0.02962,0.00136,4.812455767869781,41.46913864533057,0.02826,0.03474,0.02704391,0.02964,0.0013799999999999993,4.883227176220804,1782518399999,2026-06-26 23:59:59 UTC,1782432000000,2026-06-26 00:00:00 UTC,0.0,0.0,-1.9999999999999185e-05,-0.0674763832658542,0.0,0.02867003,-0.02441151,0.00105229,0.00105229,,1782518399999,2026-06-26 23:59:59 UTC,787598,-106090.0,-11.871033291260485,1782162586.0,156933409.0,9.656078737749612,53519866.21542,3398842.0645100027,6.781270179708196,binance_kline_quote_asset_volume,2262.782010619631,67.95327846873658,0.008440000000000003,29.886685552407943,0.0013799999999999993,4.886685552407929,0.0013799999999999993,4.886685552407929,0.005220000000000002,61.8483412322275,0.0018400000000000014,21.800947867298586,0.38151658767772506,879725869.0,902436717.0,49.36282895347462,50.63717104652539,26481866.3189,1680440.457800001,6.775580030000217,27037999.89652,1718401.6067100018,6.7868438789630465,49.480441920966754,50.519558079033246,0.9748338608434524,0.9794314083974984,-556133.5776199996,-1.0391161580664938,373453714.0,10553801.95764,-41467532.0,-9.994072947520264,-2006274.9308135398,-15.973428734802614,1782432000000,2026-06-26 00:00:00 UTC,EXACT_CANDLE_OPEN,0.0,86399.999,373453714.0,-41467532.0,-9.994072947520264,373453714.0,-41467532.0,-9.994072947520264,10553801.95764,-2006274.9308135398,-15.973428734802614,0.02826,10553801.95764,-2006274.9308135398,-15.973428734802614,10553801.95764,-2006270.7816010807,-15.973400976675443,10553801.95764,-2006270.7816010807,-15.973400976675443,10553801.95764,-2006270.7816010807,-15.973400976675443,sumOpenInterest * mark_open,11069168.08296,-656506.3289999999,-5.598879057484096,-0.10529466168758282,-0.06874212054224263,0.047677423171504744,-0.17403678222982544,-0.05761723851607808,-9.994072947520264,-6.643260310700212,4.883227176220804,0.0,-4.655870445344127,0.0,ALIGNED_OI_TIMESTAMP_MARK_OPEN,1,0.0,ALIGNED_OI_TIMESTAMP_MARK_OPEN,1,3.583,0.07440000000000024,2.1205039046913368,78.18,21.82,1782432000000,2026-06-26 00:00:00 UTC,0.0,1.2806,-0.0242,-1.8546903740036789,56.15,43.85,1782432000000,2026-06-26 00:00:00 UTC,0.0,3.3422,0.13880000000000026,4.332896297683719,76.97,23.03,1782432000000,2026-06-26 00:00:00 UTC,0.0,-2.3024000000000004,-0.24080000000000013,2.0616000000000003,1782428400002,2026-06-25 23:00:00 UTC,0.00019592,0.02881,3599.998
FINAL_REAL_MARK_PREMIUM_OI_SYNC_AUDIT_2026_07_12,1782518400000,2026-06-27 00:00:00 UTC,ESPORTSUSDT,1782518400000,2026-06-27 00:00:00 UTC,1782604799999,2026-06-27 23:59:59 UTC,True,0.02962,0.03409,0.0288,0.03066,0.0010399999999999993,3.5111411208642784,41.608835858443015,0.02962,0.0340156,0.02936,0.03066,0.00102,3.441295546558705,1782604799999,2026-06-27 23:59:59 UTC,1782518400000,2026-06-27 00:00:00 UTC,0.0,0.0,0.0,0.0,0.00103605,0.01805319,-0.02772393,0.0,-0.00105229,-100.0,1782604799999,2026-06-27 23:59:59 UTC,519340,-268258.0,-34.06026932521413,958722361.0,-823440225.0,-46.20455122717967,29607576.04396,-23912290.17146,-44.67927867235672,binance_kline_quote_asset_volume,1846.0398987176031,57.01000509100012,0.005290000000000003,17.85955435516544,0.0010399999999999993,3.5111411208642784,0.0010399999999999993,3.5111411208642784,0.0034300000000000025,64.83931947069944,0.0008200000000000013,15.500945179584136,0.3516068052930056,460924982.0,497797379.0,48.07700339013997,51.92299660986003,14241806.65756,-12240059.66134,-46.22053262388202,15365769.386400001,-11672230.510119999,-43.16972614391609,48.1019001231793,51.8980998768207,0.9259289049008834,0.9268528180674895,-1123962.728840001,-3.796199753641404,367016720.0,10878375.5808,-6436994.0,-1.7236390370989858,324573.6231600009,3.0754189292422613,1782518400000,2026-06-27 00:00:00 UTC,EXACT_CANDLE_OPEN,0.0,86399.999,367016720.0,-6436994.0,-1.7236390370989858,367016720.0,-6436994.0,-1.7236390370989858,10878375.5808,324573.6231600009,3.0754189292422613,0.029640000000000003,10878375.5808,324573.6231600009,3.0754189292422613,10871035.2464,317233.28876000084,3.0058673645126777,10871035.2464,317233.28876000084,3.0058673645126777,10871035.2464,317233.28876000084,3.0058673645126777,sumOpenInterest * mark_open,11252732.6352,183564.55223999918,1.6583409960372764,-0.017386666260147614,0.04700243158327126,0.03383407301578187,0.029615765323123648,0.016447406755634254,-1.7236390370989858,4.812455767869781,3.441295546558705,0.06752194463201436,-3.3268101761252336,1.1705286612529062e-14,ALIGNED_OI_TIMESTAMP_MARK_OPEN,1,0.06752194463201436,ALIGNED_OI_TIMESTAMP_MARK_OPEN,1,3.6533,0.07030000000000003,1.9620429807423951,78.51,21.490000000000002,1782518400000,2026-06-27 00:00:00 UTC,0.0,1.1667,-0.11389999999999989,-8.894268311728869,53.849999999999994,46.150000000000006,1782518400000,2026-06-27 00:00:00 UTC,0.0,3.4663,0.12409999999999988,3.71312309257375,77.61,22.39,1782518400000,2026-06-27 00:00:00 UTC,0.0,-2.4866,-0.18700000000000028,2.2996,1782518400000,2026-06-27 00:00:00 UTC,7.791e-05,0.02962,0.0
FINAL_REAL_MARK_PREMIUM_OI_SYNC_AUDIT_2026_07_12,1782604800000,2026-06-28 00:00:00 UTC,ESPORTSUSDT,1782604800000,2026-06-28 00:00:00 UTC,1782691199999,2026-06-28 23:59:59 UTC,True,0.03067,0.03138,0.02766,0.02862,-0.00204,-6.65362035225049,41.40010541998015,0.03066,0.03138,0.02824235,0.02862,-0.00204,-6.65362035225049,1782691199999,2026-06-28 23:59:59 UTC,1782604800000,2026-06-28 00:00:00 UTC,0.0,0.0,0.0,0.0,0.0,0.00505394,-0.01149969,0.00243778,0.00243778,,1782691199999,2026-06-28 23:59:59 UTC,235149,-284191.0,-54.72156968459968,312983661.0,-645738700.0,-67.35408771799784,9335803.68586,-20271772.3581,-68.46819316786143,binance_kline_quote_asset_volume,1331.0014543969994,39.701651658565424,0.0037199999999999976,12.129116400391254,-0.0020499999999999997,-6.684056080860776,0.0020499999999999997,6.684056080860776,0.0007099999999999988,19.086021505376323,0.000959999999999999,25.80645161290322,0.2580645161290322,130851747.0,182131914.0,41.80785239137451,58.19214760862549,3911973.53478,-10329833.12278,-72.53176068990236,5423830.151080001,-9941939.23532,-64.70186415865028,41.90291126949329,58.09708873050672,0.7184449124056315,0.7212566444399152,-1511856.6163000013,-16.19417746101343,368240389.0,11290250.32674,1223669.0,0.33340960597108493,411874.7459399998,3.7861787624518692,1782604800000,2026-06-28 00:00:00 UTC,EXACT_CANDLE_OPEN,0.0,86399.999,368240389.0,1223669.0,0.33340960597108493,368240389.0,1223669.0,0.33340960597108493,11290250.32674,411874.7459399998,3.7861787624518692,0.03066,11290250.32674,411874.7459399998,3.7861787624518692,11290250.32674,419215.08033999987,3.8562572086115265,11290250.32674,419215.08033999987,3.8562572086115265,11290250.32674,419215.08033999987,3.8562572086115265,sumOpenInterest * mark_open,10539039.93318,-713692.7020199988,-6.342394555678645,0.0033285502847885144,0.034509064604015344,-0.06885309931536321,0.037837614888803855,-0.0655245490305747,0.33340960597108493,3.5111411208642784,-6.65362035225049,0.0,7.127882599580714,0.0,ALIGNED_OI_TIMESTAMP_MARK_OPEN,1,0.0,ALIGNED_OI_TIMESTAMP_MARK_OPEN,1,3.6926,0.03929999999999989,1.075739742150929,78.69,21.310000000000002,1782604800000,2026-06-28 00:00:00 UTC,0.0,1.1738,0.007099999999999884,0.6085540413130953,54.0,46.0,1782604800000,2026-06-28 00:00:00 UTC,0.0,3.4504,-0.015899999999999803,-0.45870236274990056,77.53,22.470000000000002,1782604800000,2026-06-28 00:00:00 UTC,0.0,-2.5188,-0.24219999999999997,2.2766,1782604800000,2026-06-28 00:00:00 UTC,5e-05,0.03066,0.0
FINAL_REAL_MARK_PREMIUM_OI_SYNC_AUDIT_2026_07_12,1782691200000,2026-06-29 00:00:00 UTC,ESPORTSUSDT,1782691200000,2026-06-29 00:00:00 UTC,1782777599999,2026-06-29 23:59:59 UTC,True,0.02862,0.03517,0.02603,0.02766,-0.000959999999999999,-3.354297693920332,41.295121033992885,0.02862,0.03508869,0.02671,0.02766,-0.000959999999999999,-3.354297693920332,1782777599999,2026-06-29 23:59:59 UTC,1782691200000,2026-06-29 00:00:00 UTC,0.0,0.0,0.0,0.0,0.00220288,0.02844474,-0.05464366,0.0,-0.00243778,-100.0,1782777599999,2026-06-29 23:59:59 UTC,824702,589553.0,250.71465326239957,1669808690.0,1356825029.0,433.51305453609604,49478357.6216,40142553.93574,429.98498347324795,binance_kline_quote_asset_volume,2024.741894648006,59.99543789344515,0.009139999999999999,31.935709294199853,-0.000959999999999999,-3.354297693920332,0.000959999999999999,3.354297693920332,0.00655,71.66301969365428,0.0016299999999999995,17.833698030634572,0.1783369803063457,796854218.0,872954472.0,47.72128823931321,52.27871176068679,23688064.33114,19776090.79636,505.5272133243652,25790293.29046,20366463.13938,375.4996482573224,47.87560757837052,52.12439242162947,0.9128244869109279,0.9184875900539825,-2102228.9593200013,-4.248784843258952,360863252.0,10327906.27224,-7377137.0,-2.003348144410091,-962344.0545000006,-8.523673316797682,1782691200000,2026-06-29 00:00:00 UTC,EXACT_CANDLE_OPEN,0.0,86399.999,360863252.0,-7377137.0,-2.003348144410091,360863252.0,-7377137.0,-2.003348144410091,10327906.27224,-962344.0545000006,-8.523673316797682,0.02862,10327906.27224,-962344.0545000006,-8.523673316797682,10327906.27224,-962344.0545000006,-8.523673316797682,10327906.27224,-962344.0545000006,-8.523673316797682,10327906.27224,-962344.0545000006,-8.523673316797682,sumOpenInterest * mark_open,9981477.55032,-557562.3828600012,-5.290447577721293,-0.02023687264002589,-0.06885309931536321,-0.03411844789169261,-0.08908997195538909,-0.0543553205317185,-2.003348144410091,-6.65362035225049,-3.354297693920332,0.0,3.4707158351409944,0.0,ALIGNED_OI_TIMESTAMP_MARK_OPEN,1,0.0,ALIGNED_OI_TIMESTAMP_MARK_OPEN,1,3.8828,0.19019999999999992,5.1508422249905195,79.52,20.48,1782691200000,2026-06-29 00:00:00 UTC,0.0,1.1839,0.010099999999999998,0.8604532288294426,54.21,45.79,1782691200000,2026-06-29 00:00:00 UTC,0.0,3.5045,0.05410000000000004,1.5679341525620227,77.8,22.2,1782691200000,2026-06-29 00:00:00 UTC,0.0,-2.6989,-0.37829999999999986,2.3206,1782676800003,2026-06-28 20:00:00 UTC,6.275e-05,0.02893,14399.997
FINAL_REAL_MARK_PREMIUM_OI_SYNC_AUDIT_2026_07_12,1782777600000,2026-06-30 00:00:00 UTC,ESPORTSUSDT,1782777600000,2026-06-30 00:00:00 UTC,1782863999999,2026-06-30 23:59:59 UTC,True,0.02768,0.02873,0.02672,0.02784,0.0001799999999999996,0.6507592190889356,41.32516526523893,0.02766,0.02869735,0.0268,0.02782,0.00016000000000000042,0.5784526391901678,1782863999999,2026-06-30 23:59:59 UTC,1782777600000,2026-06-30 00:00:00 UTC,0.0,0.0,1.9999999999999185e-05,0.07189072609633064,0.0,0.01631158,-0.0054846,0.00086626,0.00086626,,1782863999999,2026-06-30 23:59:59 UTC,278034,-546668.0,-66.28673144966302,576125059.0,-1093683631.0,-65.49754097878123,15989795.41751,-33488562.204090003,-67.68325347458666,binance_kline_quote_asset_volume,2072.138871504924,57.51021607972406,0.002009999999999998,7.261560693641611,0.00016000000000000042,0.5780346820809263,0.00016000000000000042,0.5780346820809263,0.0008899999999999984,44.2786069651741,0.000959999999999999,47.76119402985075,0.5572139303482591,273123552.0,303001507.0,47.40699050203959,52.59300949796041,7587028.31245,-16101036.018690001,-67.97109208084935,8402767.10506,-17387526.1854,-67.41887728679596,47.449189400770244,52.55081059922977,0.9013933782184126,0.9029202187314253,-815738.7926099999,-5.101621198459525,420763942.0,11638330.63572,59900690.0,16.599276780889845,1310424.3634799998,12.688189928700663,1782777600000,2026-06-30 00:00:00 UTC,EXACT_CANDLE_OPEN,0.0,86399.999,420763942.0,59900690.0,16.599276780889845,420763942.0,59900690.0,16.599276780889845,11638330.63572,1310424.3634799998,12.688189928700663,0.02766,11638330.63572,1310424.3634799998,12.688189928700663,11638330.63572,1310424.3634799998,12.688189928700663,11638330.63572,1310424.3634799998,12.688189928700663,11638330.63572,1310424.3634799998,12.688189928700663,sumOpenInterest * mark_open,11705652.86644,1724175.3161200006,17.27374837470555,0.1535728853437974,-0.03411844789169261,0.005767860258684671,0.1194544374521048,0.15934074560248207,16.599276780889845,-3.354297693920332,0.5784526391901678,0.0,-0.5751258087706701,0.0,ALIGNED_OI_TIMESTAMP_MARK_OPEN,1,0.0,ALIGNED_OI_TIMESTAMP_MARK_OPEN,1,3.8146,-0.06820000000000004,-1.756464407128877,79.23,20.77,1782777600000,2026-06-30 00:00:00 UTC,0.0,1.1277,-0.05620000000000003,-4.747022552580457,53.0,47.0,1782777600000,2026-06-30 00:00:00 UTC,0.0,3.583,0.07850000000000001,2.2399771722071624,78.18,21.82,1782777600000,2026-06-30 00:00:00 UTC,0.0,-2.6869,-0.2315999999999998,2.4553000000000003,1782777600000,2026-06-30 00:00:00 UTC,5e-05,0.02766,0.0
FINAL_REAL_MARK_PREMIUM_OI_SYNC_AUDIT_2026_07_12,1782864000000,2026-07-01 00:00:00 UTC,ESPORTSUSDT,1782864000000,2026-07-01 00:00:00 UTC,1782950399999,2026-07-01 23:59:59 UTC,True,0.02782,0.02858,0.0235,0.02553,-0.0023099999999999996,-8.297413793103447,41.03492032886754,0.02782519,0.02850917,0.02480187,0.02553,-0.0022900000000000004,-8.231488138030194,1782950399999,2026-07-01 23:59:59 UTC,1782864000000,2026-07-01 00:00:00 UTC,0.0,0.0,0.0,0.0,0.00103688,0.02435876,-0.00479707,0.00083669,-2.957000000000003e-05,-3.4135248077944302,1782950399999,2026-07-01 23:59:59 UTC,278461,427.0,0.15357833933979298,480331686.0,-95793373.0,-16.62718389064205,12868342.18973,-3121453.2277799994,-19.521533242143793,binance_kline_quote_asset_volume,1724.9513791877498,46.2123679428358,0.005080000000000001,18.26024442846873,-0.0022900000000000004,-8.231488138030194,0.0022900000000000004,8.231488138030194,0.0007600000000000003,14.960629921259844,0.0020300000000000006,39.960629921259844,0.39960629921259844,203369644.0,276962042.0,42.33941876572349,57.66058123427652,5465013.1744,-2122015.13805,-27.96898931519553,7403329.01533,-999438.0897300001,-11.894154356939822,42.46866530143667,57.53133469856333,0.7342870616183571,0.7381832096187609,-1938315.84093,-15.062669397126665,398955301.0,11098936.47382,-21808641.0,-5.1831059706157045,-539394.1618999988,-4.6346351447045775,1782864000000,2026-07-01 00:00:00 UTC,EXACT_CANDLE_OPEN,0.0,86399.999,398955301.0,-21808641.0,-5.1831059706157045,398955301.0,-21808641.0,-5.1831059706157045,11098936.47382,-539394.1618999988,-4.6346351447045775,0.02782,11098936.47382,-539394.1618999988,-4.6346351447045775,11101007.05183219,-537323.5838878099,-4.616844122289096,11101007.05183219,-537323.5838878099,-4.616844122289096,11101007.05183219,-537323.5838878099,-4.616844122289096,sumOpenInterest * mark_open,10185328.83453,-1520324.0319100004,-12.987947355493134,-0.05322258554309158,0.005954399293417093,-0.08590095524190441,-0.047268186249674486,-0.139123540784996,-5.1831059706157045,0.597216196673894,-8.231488138030194,-0.018652163740835795,8.969839404622014,0.0,ALIGNED_OI_TIMESTAMP_MARK_OPEN,1,-0.018652163740835795,ALIGNED_OI_TIMESTAMP_MARK_OPEN,1,3.9116,0.09699999999999998,2.5428616368688717,79.64,20.36,1782864000000,2026-07-01 00:00:00 UTC,0.0,1.1281,0.000400000000000178,0.03547042653189483,53.010000000000005,46.989999999999995,1782864000000,2026-07-01 00:00:00 UTC,0.0,3.5788,-0.0041999999999999815,-0.11722020653083956,78.16,21.84,1782864000000,2026-07-01 00:00:00 UTC,0.0,-2.7835,-0.33279999999999976,2.4507000000000003,1782864000000,2026-07-01 00:00:00 UTC,0.00023603,0.02783246,0.0
FINAL_REAL_MARK_PREMIUM_OI_SYNC_AUDIT_2026_07_12,1782950400000,2026-07-02 00:00:00 UTC,ESPORTSUSDT,1782950400000,2026-07-02 00:00:00 UTC,1783036799999,2026-07-02 23:59:59 UTC,True,0.02554,0.02605,0.02178,0.02474,-0.000789999999999999,-3.0943987465726557,40.92904823724001,0.02553,0.02599258,0.02325066,0.02474,-0.000789999999999999,-3.0943987465726557,1783036799999,2026-07-02 23:59:59 UTC,1782950400000,2026-07-02 00:00:00 UTC,0.0,0.0,0.0,0.0,0.00080637,0.01250979,-0.00877573,0.00217275,0.0013360600000000002,159.6839928766927,1783036799999,2026-07-02 23:59:59 UTC,270521,-7940.0,-2.8513867292008577,505111278.0,24779592.0,5.158850170046871,12454660.79383,-413681.3958999999,-3.21472175514692,binance_kline_quote_asset_volume,1867.1795461350505,46.039534061422216,0.0042699999999999995,16.71887235708692,-0.0007999999999999986,-3.132341425215343,0.0007999999999999986,3.132341425215343,0.00051,11.943793911007027,0.002960000000000001,69.32084309133492,0.6932084309133493,219568888.0,285542390.0,43.46940913087274,56.53059086912726,5432564.09144,-32449.08296000026,-0.5937603794260354,7022096.70239,-381232.3129399996,-5.149471435763366,43.6187237964062,56.3812762035938,0.7689537374818499,0.7736384617988817,-1589532.6109500006,-12.762552407187597,387645407.0,9896587.24071,-11309894.0,-2.834877484182119,-1202349.2331100013,-10.833013018374183,1782950400000,2026-07-02 00:00:00 UTC,EXACT_CANDLE_OPEN,0.0,86399.999,387645407.0,-11309894.0,-2.834877484182119,387645407.0,-11309894.0,-2.834877484182119,9896587.24071,-1202349.2331100013,-10.833013018374183,0.02553,9896587.24071,-1202349.2331100013,-10.833013018374183,9896587.24071,-1204419.8111221902,-10.849644590788762,9896587.24071,-1204419.8111221902,-10.849644590788762,9896587.24071,-1204419.8111221902,-10.849644590788762,sumOpenInterest * mark_open,9590347.369180001,-594981.4653499983,-5.84155381741736,-0.02875836076738879,-0.0860874942766367,-0.031432864289050594,-0.11484585504402549,-0.06019122505643938,-2.834877484182119,-8.248604951125218,-3.0943987465726557,0.0,3.193209377526269,0.0,ALIGNED_OI_TIMESTAMP_MARK_OPEN,1,0.0,ALIGNED_OI_TIMESTAMP_MARK_OPEN,1,3.7778,-0.13379999999999992,-3.420595152878615,79.07,20.93,1782950400000,2026-07-02 00:00:00 UTC,0.0,1.1129,-0.015200000000000102,-1.3473982802943092,52.669999999999995,47.33,1782950400000,2026-07-02 00:00:00 UTC,0.0,3.3592,-0.21960000000000024,-6.136135017324249,77.06,22.939999999999998,1782950400000,2026-07-02 00:00:00 UTC,0.0,-2.6649000000000003,-0.4186000000000001,2.2462999999999997,1782950400000,2026-07-02 00:00:00 UTC,0.00050443,0.02553,0.0
FINAL_REAL_MARK_PREMIUM_OI_SYNC_AUDIT_2026_07_12,1783036800000,2026-07-03 00:00:00 UTC,ESPORTSUSDT,1783036800000,2026-07-03 00:00:00 UTC,1783123199999,2026-07-03 23:59:59 UTC,True,0.02473,0.02705,0.02369,0.02537,0.0006299999999999986,2.5464834276475288,41.05964691300598,0.02474,0.0269999,0.02382,0.02537,0.0006299999999999986,2.5464834276475288,1783123199999,2026-07-03 23:59:59 UTC,1783036800000,2026-07-03 00:00:00 UTC,0.0,0.0,0.0,0.0,0.00207528,0.01260164,-0.03605273,0.00211079,-6.196000000000023e-05,-2.851685651823736,1783123199999,2026-07-03 23:59:59 UTC,297348,26827.0,9.91679019373727,639361645.0,134250367.0,26.578374478504518,16352282.66499,3897621.8711600006,31.294484335461554,binance_kline_quote_asset_volume,2150.213369519889,54.99375366570483,0.003360000000000002,13.586736756975343,0.0006400000000000017,2.587949858471499,0.0006400000000000017,2.587949858471499,0.001680000000000001,50.0,0.0010399999999999993,30.952380952380913,0.5,311032628.0,328329017.0,48.647370456512135,51.35262954348786,7963249.43134,2530685.3399,46.5836260245426,8389033.23365,1366936.5312600005,19.466216276895732,48.698090624308996,51.30190937569101,0.9473199500974963,0.9492451882772258,-425783.8023100011,-2.60381875138202,387348530.0,9583002.6322,-296877.0,-0.07658468142252489,-313584.60850999877,-3.168613592573167,1783036800000,2026-07-03 00:00:00 UTC,EXACT_CANDLE_OPEN,0.0,86399.999,387348530.0,-296877.0,-0.07658468142252489,387348530.0,-296877.0,-0.07658468142252489,9583002.6322,-313584.60850999877,-3.168613592573167,0.02474,9583002.6322,-313584.60850999877,-3.168613592573167,9583002.6322,-313584.60850999877,-3.168613592573167,9583002.6322,-313584.60850999877,-3.168613592573167,9583002.6322,-313584.60850999877,-3.168613592573167,sumOpenInterest * mark_open,9827032.2061,236684.83691999875,2.467948530004455,-0.0007661402247111864,-0.031432864289050594,0.025146006646848712,-0.03219900451376178,0.024379866422137526,-0.07658468142252489,-3.0943987465726557,2.5464834276475288,0.0,-2.483247930626719,0.0,ALIGNED_OI_TIMESTAMP_MARK_OPEN,1,0.0,ALIGNED_OI_TIMESTAMP_MARK_OPEN,1,3.4425,-0.33530000000000015,-8.875536026258674,77.49000000000001,22.509999999999998,1783036800000,2026-07-03 00:00:00 UTC,0.0,1.0733,-0.03960000000000008,-3.5582711833947416,51.77,48.230000000000004,1783036800000,2026-07-03 00:00:00 UTC,0.0,2.9777,-0.38149999999999995,-11.35687068349607,74.86,25.14,1783036800000,2026-07-03 00:00:00 UTC,0.0,-2.3692,-0.4647999999999999,1.9044,1783036800000,2026-07-03 00:00:00 UTC,0.00033102,0.02474,0.0
FINAL_REAL_MARK_PREMIUM_OI_SYNC_AUDIT_2026_07_12,1783123200000,2026-07-04 00:00:00 UTC,ESPORTSUSDT,1783123200000,2026-07-04 00:00:00 UTC,1783209599999,2026-07-04 23:59:59 UTC,True,0.02536,0.02599,0.02401,0.02451,-0.0008599999999999997,-3.389830508474575,40.92662801233978,0.02537,0.02583,0.02419237,0.02451,-0.0008599999999999997,-3.389830508474575,1783209599999,2026-07-04 23:59:59 UTC,1783123200000,2026-07-04 00:00:00 UTC,0.0,0.0,0.0,0.0,0.00148392,0.00968245,-0.00633114,0.00219623,8.544e-05,4.047773582402797,1783209599999,2026-07-04 23:59:59 UTC,191608,-105740.0,-35.56102613772415,319006362.0,-320355283.0,-50.105489671655235,7949187.51433,-8403095.15066,-51.38790297852975,binance_kline_quote_asset_volume,1664.8906204333848,41.486720357866055,0.001979999999999999,7.807570977917977,-0.0008500000000000001,-3.3517350157728707,0.0008500000000000001,3.3517350157728707,0.0006299999999999986,31.818181818181763,0.0005000000000000004,25.252525252525288,0.2525252525252529,151702388.0,167303974.0,47.554659113663696,52.4453408863363,3784228.59099,-4179020.8403499997,-52.47883890090309,4164958.9233399997,-4224074.310310001,-50.35233730349808,47.60522486314697,52.39477513685302,0.9067470686619793,0.9085872539543124,-380730.3323499998,-4.789550273706052,384185443.0,9746784.68891,-3163087.0,-0.8165997170558514,163782.05670999922,1.7090891341266308,1783123200000,2026-07-04 00:00:00 UTC,EXACT_CANDLE_OPEN,0.0,86399.999,384185443.0,-3163087.0,-0.8165997170558514,384185443.0,-3163087.0,-0.8165997170558514,9746784.68891,163782.05670999922,1.7090891341266308,0.02537,9746784.68891,163782.05670999922,1.7090891341266308,9746784.68891,163782.05670999922,1.7090891341266308,9746784.68891,163782.05670999922,1.7090891341266308,9746784.68891,163782.05670999922,1.7090891341266308,sumOpenInterest * mark_open,9416385.20793,-410646.99816999957,-4.178748879189547,-0.008199521556888807,0.025146006646848712,-0.03448617607116932,0.016946485089959905,-0.04268569762805813,-0.8165997170558514,2.5464834276475288,-3.389830508474575,0.0,3.50877192982456,0.0,ALIGNED_OI_TIMESTAMP_MARK_OPEN,1,0.0,ALIGNED_OI_TIMESTAMP_MARK_OPEN,1,3.3956,-0.04689999999999994,-1.3623819898329685,77.25,22.75,1783123200000,2026-07-04 00:00:00 UTC,0.0,1.0959,0.022600000000000176,2.105655455138375,52.290000000000006,47.71,1783123200000,2026-07-04 00:00:00 UTC,0.0,2.9185,-0.05920000000000014,-1.9881116297813795,74.48,25.52,1783123200000,2026-07-04 00:00:00 UTC,0.0,-2.2996999999999996,-0.4771000000000001,1.8225999999999998,1783123200000,2026-07-04 00:00:00 UTC,0.00049457,0.02537,0.0
FINAL_REAL_MARK_PREMIUM_OI_SYNC_AUDIT_2026_07_12,1783209600000,2026-07-05 00:00:00 UTC,ESPORTSUSDT,1783209600000,2026-07-05 00:00:00 UTC,1783295999999,2026-07-05 23:59:59 UTC,True,0.0245,0.02465,0.022,0.02348,-0.0010299999999999997,-4.202366381068949,40.75632723071254,0.02451,0.02463398,0.02233446,0.02347,-0.0010399999999999993,-4.243166054671559,1783295999999,2026-07-05 23:59:59 UTC,1783209600000,2026-07-05 00:00:00 UTC,0.0,0.0,9.999999999999593e-06,0.04260758414997696,0.00183437,0.01169902,-0.01186421,0.00347769,0.0012814599999999999,58.34816936295378,1783295999999,2026-07-05 23:59:59 UTC,245092,53484.0,27.913239530708527,542132188.0,223125826.0,69.94400506658233,12547192.98229,4598005.46796,57.84245823451989,binance_kline_quote_asset_volume,2211.953829582361,51.19380878319161,0.0026499999999999996,10.816326530612242,-0.00102,-4.163265306122449,0.00102,4.163265306122449,0.00014999999999999736,5.660377358490467,0.0014800000000000021,55.849056603773676,0.5584905660377367,247790036.0,294342152.0,45.70657147551623,54.29342852448378,5738863.78707,1954635.1960799997,51.65214386715057,6808329.19522,2643370.2718800004,63.4668989666819,45.73822842423991,54.261771575760086,0.8418435290912734,0.8429180820309259,-1069465.4081500005,-8.523543151520185,380235494.0,9319571.95794,-3949949.0,-1.0281360400216935,-427212.73097000085,-4.383114479343001,1783209600000,2026-07-05 00:00:00 UTC,EXACT_CANDLE_OPEN,0.0,86399.999,380235494.0,-3949949.0,-1.0281360400216935,380235494.0,-3949949.0,-1.0281360400216935,9319571.95794,-427212.73097000085,-4.383114479343001,0.024509999999999997,9319571.95794,-427212.73097000085,-4.383114479343001,9319571.957940001,-427212.730969999,-4.383114479342982,9319571.957940001,-427212.730969999,-4.383114479342982,9319571.957940001,-427212.730969999,-4.383114479342982,sumOpenInterest * mark_open,8924127.04418,-492258.1637500003,-5.227676575247214,-0.010334578671125484,-0.03448617607116932,-0.043358187677088975,-0.044820754742294806,-0.05369276634821446,-1.0281360400216935,-3.389830508474575,-4.243166054671559,-1.4155230322128169e-14,4.431188751597767,-1.4155230322128169e-14,ALIGNED_OI_TIMESTAMP_MARK_OPEN,1,-1.4155230322128169e-14,ALIGNED_OI_TIMESTAMP_MARK_OPEN,1,3.5579,0.1623000000000001,4.779714925197317,78.06,21.94,1783209600000,2026-07-05 00:00:00 UTC,0.0,1.0993,0.0033999999999998476,0.31024728533623935,52.370000000000005,47.63,1783209600000,2026-07-05 00:00:00 UTC,0.0,2.9761,0.05760000000000032,1.9736165838615836,74.85000000000001,25.15,1783209600000,2026-07-05 00:00:00 UTC,0.0,-2.4586,-0.5817999999999999,1.8768000000000002,1783195200000,2026-07-04 20:00:00 UTC,0.00082486,0.02544328,14400.0
FINAL_REAL_MARK_PREMIUM_OI_SYNC_AUDIT_2026_07_12,1783296000000,2026-07-06 00:00:00 UTC,ESPORTSUSDT,1783296000000,2026-07-06 00:00:00 UTC,1783382399999,2026-07-06 23:59:59 UTC,True,0.02347,0.02352,0.0213,0.02215,-0.0013300000000000013,-5.664395229982969,40.521850877617695,0.02347709,0.02351212,0.0214,0.02215886,-0.0013111400000000023,-5.586450788240317,1783382399999,2026-07-06 23:59:59 UTC,1783296000000,2026-07-06 00:00:00 UTC,0.0,0.0,-8.859999999999424e-06,-0.039984006397438425,0.00335545,0.00750253,-0.01174734,0.00069506,-0.00278263,-80.01374475585806,1783382399999,2026-07-06 23:59:59 UTC,185772,-59320.0,-24.203156365772852,396207520.0,-145924668.0,-26.91680575881984,8836330.07546,-3710862.9068299998,-29.575243738322794,binance_kline_quote_asset_volume,2132.76231078957,47.56545698738238,0.0022199999999999998,9.45888368129527,-0.0013200000000000017,-5.624201107797195,0.0013200000000000017,5.624201107797195,4.999999999999796e-05,2.252252252252161,0.0008500000000000001,38.2882882882883,0.38288288288288297,173741111.0,222466409.0,43.85103821350993,56.14896178649007,3879125.65295,-1859738.1341199996,-32.40603372239118,4957204.42251,-1851124.7727100002,-27.18911967431951,43.899736879714304,56.100263120285696,0.7809768305290531,0.782522833905217,-1078078.76956,-12.200526240571401,386983875.0,9082511.54625,6748381.0,1.7747898622005025,-237060.41168999858,-2.543683473445689,1783296000000,2026-07-06 00:00:00 UTC,EXACT_CANDLE_OPEN,0.0,86399.999,386983875.0,6748381.0,1.7747898622005025,386983875.0,6748381.0,1.7747898622005025,9082511.54625,-237060.41168999858,-2.543683473445689,0.02347,9082511.54625,-237060.41168999858,-2.543683473445689,9085255.261923749,-234316.69601625204,-2.514243111955599,9085255.261923749,-234316.69601625204,-2.514243111955599,9085255.261923749,-234316.69601625204,-2.514243111955599,sumOpenInterest * mark_open,8575121.5083825,-349005.535797501,-3.910808688286324,0.017592243669765306,-0.04305614552478948,-0.05748559335046066,-0.025463901855024174,-0.039893349680695356,1.7747898622005025,-4.214239086087317,-5.586450788240317,-0.03019965421607956,5.917001145365792,0.0,ALIGNED_OI_TIMESTAMP_MARK_OPEN,1,-0.03019965421607956,ALIGNED_OI_TIMESTAMP_MARK_OPEN,1,3.697,0.1391,3.909609601169229,78.71000000000001,21.29,1783296000000,2026-07-06 00:00:00 UTC,0.0,1.1315,0.032200000000000006,2.929136723369418,53.09,46.910000000000004,1783296000000,2026-07-06 00:00:00 UTC,0.0,3.08,0.10389999999999988,3.4911461308423735,75.49,24.51,1783296000000,2026-07-06 00:00:00 UTC,0.0,-2.5655,-0.617,1.9485000000000001,1783296000000,2026-07-06 00:00:00 UTC,0.00052703,0.02348,0.0
FINAL_REAL_MARK_PREMIUM_OI_SYNC_AUDIT_2026_07_12,1783382400000,2026-07-07 00:00:00 UTC,ESPORTSUSDT,1783382400000,2026-07-07 00:00:00 UTC,1783468799999,2026-07-07 23:59:59 UTC,True,0.02216,0.02235,0.01712,0.01815,-0.004,-18.058690744920995,39.780594717633726,0.02215901,0.02228,0.01723,0.01813762,-0.004021239999999999,-18.147323463391164,1783468799999,2026-07-07 23:59:59 UTC,1783382400000,2026-07-07 00:00:00 UTC,0.0,0.0,1.2379999999999336e-05,0.06825592332400468,0.00112426,0.01233857,-0.02012605,0.00101043,0.00031537000000000015,45.373061318447355,1783468799999,2026-07-07 23:59:59 UTC,284314,98542.0,53.044592295932645,750031230.0,353823710.0,89.30262353425296,14673494.59265,5837164.51719,66.05869707607239,binance_kline_quote_asset_volume,2638.038330859543,51.610172529843766,0.0052299999999999985,23.60108303249097,-0.00401,-18.0956678700361,0.00401,18.0956678700361,0.0001899999999999992,3.632887189292529,0.0010299999999999997,19.694072657743785,0.19694072657743786,314841571.0,435189659.0,41.97712820571485,58.02287179428516,6167581.64597,2288455.99302,58.99411872053367,8505912.94668,3548708.52417,71.58689095119401,42.03212538790426,57.96787461209574,0.7234583002809817,0.7250934361346021,-2338331.30071,-15.935749224191472,382858200.0,8483701.253652,-4125675.0,-1.066110312735899,-598810.2925979998,-6.593003373006858,1783382400000,2026-07-07 00:00:00 UTC,EXACT_CANDLE_OPEN,0.0,86399.999,382858200.0,-4125675.0,-1.066110312735899,382858200.0,-4125675.0,-1.066110312735899,8483701.253652,-598810.2925979998,-6.593003373006858,0.022158860000000002,8483701.253652,-598810.2925979998,-6.593003373006858,8483758.682382,-601496.5795417484,-6.620579853849754,8483758.682382,-601496.5795417484,-6.620579853849754,8483758.682382,-601496.5795417484,-6.620579853849754,sumOpenInterest * mark_open,6944136.545484,-1630984.9628984993,-19.019963289198305,-0.01071833985522868,-0.057780866224362924,-0.20024918219724266,-0.0684992060795916,-0.21096752205247135,-1.066110312735899,-5.614324432883288,-18.147323463391164,-0.0006769255485573338,22.170714790584444,1.565715452849837e-14,ALIGNED_OI_TIMESTAMP_MARK_OPEN,1,-0.0006769255485573338,ALIGNED_OI_TIMESTAMP_MARK_OPEN,1,3.6992,0.0021999999999997577,0.05950770895319875,78.72,21.279999999999998,1783382400000,2026-07-07 00:00:00 UTC,0.0,1.1636,0.03210000000000002,2.8369421122403904,53.779999999999994,46.22,1783382400000,2026-07-07 00:00:00 UTC,0.0,3.0667,-0.01330000000000009,-0.4318181818181847,75.41,24.59,1783382400000,2026-07-07 00:00:00 UTC,0.0,-2.5355999999999996,-0.6324999999999998,1.9031,1783382400000,2026-07-07 00:00:00 UTC,0.00063795,0.02215916,0.0
FINAL_REAL_MARK_PREMIUM_OI_SYNC_AUDIT_2026_07_12,1783468800000,2026-07-08 00:00:00 UTC,ESPORTSUSDT,1783468800000,2026-07-08 00:00:00 UTC,1783555199999,2026-07-08 23:59:59 UTC,True,0.01815,0.01842,0.0144,0.01619,-0.00196,-10.798898071625345,39.40026613910544,0.01814,0.01838098,0.01445796,0.01618937,-0.0019482499999999986,-10.741486479482967,1783555199999,2026-07-08 23:59:59 UTC,1783468800000,2026-07-08 00:00:00 UTC,0.0,0.0,6.299999999979933e-07,0.0038914423476515345,0.00079655,0.02928977,-0.01993936,0.00244833,0.0014378999999999998,142.30575101689377,1783555199999,2026-07-08 23:59:59 UTC,327117,42803.0,15.054833740160529,1198856618.0,448825388.0,59.84089329186999,19052074.90695,4378580.314300001,29.840064932407074,binance_kline_quote_asset_volume,3664.9168890641577,58.24238699593724,0.004019999999999999,22.14876033057851,-0.00196,-10.798898071625345,0.00196,10.798898071625345,0.0002699999999999994,6.716417910447747,0.00179,44.52736318407961,0.4452736318407961,537841423.0,661015195.0,44.86286474334665,55.137135256653345,8548493.46933,2380911.82336,38.603653101466875,10503581.43762,1997668.4909400009,23.48564467403495,44.86909436940959,55.13090563059041,0.8136596965823153,0.8138646346580807,-1955087.9682900012,-10.261811261180824,392230989.0,7114136.63070618,9372789.0,2.4481097701446646,-1369564.622945821,-16.143480091973547,1783468800000,2026-07-08 00:00:00 UTC,EXACT_CANDLE_OPEN,0.0,86399.999,392230989.0,9372789.0,2.4481097701446646,392230989.0,9372789.0,2.4481097701446646,7114136.63070618,-1369564.622945821,-16.143480091973547,0.01813762,7114136.63070618,-1369564.622945821,-16.143480091973547,7115070.14046,-1368688.5419220002,-16.133044245639848,7115070.14046,-1368688.5419220002,-16.133044245639848,7115070.14046,-1368688.5419220002,-16.133044245639848,sumOpenInterest * mark_open,6349972.606386931,-594163.9390970692,-8.55634008930129,0.024186238259597592,-0.2001247411038782,-0.11363338029201508,-0.17593850284428061,-0.08944714203241749,2.4481097701446646,-18.137136993033533,-10.741486479482967,-0.013120176405731772,12.03413103783531,0.0,ALIGNED_OI_TIMESTAMP_MARK_OPEN,1,-0.013120176405731772,ALIGNED_OI_TIMESTAMP_MARK_OPEN,1,3.4053,-0.29389999999999983,-7.944961072664356,77.3,22.7,1783468800000,2026-07-08 00:00:00 UTC,0.0,1.1839,0.020299999999999985,1.7445857683052581,54.21,45.79,1783468800000,2026-07-08 00:00:00 UTC,0.0,2.7936,-0.2730999999999999,-8.905337985456677,73.64,26.36,1783468800000,2026-07-08 00:00:00 UTC,0.0,-2.2214,-0.6116999999999999,1.6097000000000001,1783468800000,2026-07-08 00:00:00 UTC,0.00025264,0.01814,0.0
FINAL_REAL_MARK_PREMIUM_OI_SYNC_AUDIT_2026_07_12,1783555200000,2026-07-09 00:00:00 UTC,ESPORTSUSDT,1783555200000,2026-07-09 00:00:00 UTC,1783641599999,2026-07-09 23:59:59 UTC,True,0.01619,0.02283,0.01582,0.02143,0.005240000000000002,32.36565781346511,41.023665477608034,0.01618931,0.02266,0.01583317,0.02143,0.00524063,32.370808746727015,1783641599999,2026-07-09 23:59:59 UTC,1783555200000,2026-07-09 00:00:00 UTC,0.0,0.0,0.0,0.0,0.00162847,0.03658661,-0.00956534,0.0,-0.00244833,-100.0,1783641599999,2026-07-09 23:59:59 UTC,1193276,866159.0,264.7856883011277,4181976962.0,2983120344.0,248.83045221676375,83888387.05446,64836312.14751001,340.31102892556015,binance_kline_quote_asset_volume,3504.6183464680425,70.30090863677809,0.007009999999999999,43.298332303891286,0.005240000000000002,32.36565781346511,0.005240000000000002,32.36565781346511,0.0013999999999999985,19.971469329529228,0.0003699999999999988,5.2781740370898556,0.8002853067047078,2090185373.0,2091791589.0,49.980795972639314,50.019204027360686,41965534.8054,33417041.33607,390.91146827172,41922852.249060005,31419270.811440006,299.1291208435594,50.02544008642834,49.97455991357166,0.9992321338280321,1.001018121479102,42682.55633999407,0.050880172856684835,419656822.0,6793979.56438214,27425833.0,6.992265723298063,-320157.0663240403,-4.5002940334625,1783555200000,2026-07-09 00:00:00 UTC,EXACT_CANDLE_OPEN,0.0,86399.999,419656822.0,27425833.0,6.992265723298063,419656822.0,27425833.0,6.992265723298063,6793979.56438214,-320157.0663240403,-4.5002940334625,0.016189369999999998,6793979.56438214,-320157.0663240403,-4.5002940334625,6793954.384972819,-321115.75548718125,-4.513177651772532,6793954.384972819,-321115.75548718125,-4.513177651772532,6793954.384972819,-321115.75548718125,-4.513177651772532,sumOpenInterest * mark_open,8993245.695460001,2643273.0890730703,41.62652743437685,0.0675863629014447,-0.11376829680621392,0.280436955462272,-0.046181933904769226,0.3480233183637167,6.992265723298063,-10.753528114663736,32.370808746727015,0.0003706149304673496,-24.454643023798425,-2.1430401256834664e-14,ALIGNED_OI_TIMESTAMP_MARK_OPEN,1,0.0003706149304673496,ALIGNED_OI_TIMESTAMP_MARK_OPEN,1,2.861,-0.5442999999999998,-15.983907438404831,74.1,25.900000000000002,1783555200000,2026-07-09 00:00:00 UTC,0.0,1.1943,0.010399999999999965,0.8784525720077679,54.43,45.57,1783555200000,2026-07-09 00:00:00 UTC,0.0,2.406,-0.38759999999999994,-13.874570446735394,70.64,29.360000000000003,1783555200000,2026-07-09 00:00:00 UTC,0.0,-1.6667000000000003,-0.45500000000000007,1.2117000000000002,1783555200000,2026-07-09 00:00:00 UTC,0.00111163,0.01618931,0.0
FINAL_REAL_MARK_PREMIUM_OI_SYNC_AUDIT_2026_07_12,1783641600000,2026-07-10 00:00:00 UTC,ESPORTSUSDT,1783641600000,2026-07-10 00:00:00 UTC,1783727999999,2026-07-10 23:59:59 UTC,True,0.02142,0.02203,0.01689,0.01712,-0.004310000000000001,-20.11199253383108,40.07276594450926,0.02143,0.02171,0.01692763,0.01712,-0.004310000000000001,-20.11199253383108,1783727999999,2026-07-10 23:59:59 UTC,1783641600000,2026-07-10 00:00:00 UTC,0.0,0.0,0.0,0.0,0.00012488,0.01256022,-0.0088388,0.00028616,0.00028616,,1783727999999,2026-07-10 23:59:59 UTC,341443,-851833.0,-71.38608335372537,1121376928.0,-3060600034.0,-73.18548289028092,21239478.03867,-62648909.01579,-74.68126544752683,binance_kline_quote_asset_volume,3284.2287819636076,62.20504751501715,0.005140000000000002,23.99626517273577,-0.004300000000000002,-20.074696545284787,0.004300000000000002,20.074696545284787,0.0006099999999999994,11.867704280155627,0.00023000000000000104,4.4747081712062435,0.04474708171206244,563485485.0,557891443.0,50.2494273718462,49.750572628153805,10689094.33092,-31276440.47448,-74.52887379968631,10550383.70775,-31372468.541310005,-74.83381224857723,50.32653962333127,49.67346037666873,1.0100271156157525,1.0131474481888376,138710.62316999957,0.6530792466625301,428155576.0,9175373.99368,8498754.0,2.0251676023033887,2381394.4292978607,35.05153948037273,1783641600000,2026-07-10 00:00:00 UTC,EXACT_CANDLE_OPEN,0.0,86399.999,428155576.0,8498754.0,2.0251676023033887,428155576.0,8498754.0,2.0251676023033887,9175373.99368,2381394.4292978607,35.05153948037273,0.02143,9175373.99368,2381394.4292978607,35.05153948037273,9175373.99368,2381419.608707181,35.052040001541876,9175373.99368,2381419.608707181,35.052040001541876,9175373.99368,2381419.608707181,35.052040001541876,sumOpenInterest * mark_open,7330023.46112,-1663222.234340001,-18.49412648850052,0.020049338059629173,0.2804406616047091,-0.22454443877188962,0.30048999966433826,-0.20449510071226046,2.0251676023033887,32.371299332707835,-20.11199253383108,0.0,25.175233644859823,0.0,ALIGNED_OI_TIMESTAMP_MARK_OPEN,1,0.0,ALIGNED_OI_TIMESTAMP_MARK_OPEN,1,2.4223,-0.4387000000000003,-15.333799370849363,70.78,29.220000000000002,1783641600000,2026-07-10 00:00:00 UTC,0.0,1.2126,0.018299999999999983,1.5322783220296394,54.800000000000004,45.2,1783641600000,2026-07-10 00:00:00 UTC,0.0,2.268,-0.13800000000000034,-5.735660847880313,69.39999999999999,30.599999999999998,1783641600000,2026-07-10 00:00:00 UTC,0.0,-1.2097,-0.1543000000000001,1.0554,1783641600000,2026-07-10 00:00:00 UTC,0.00029914,0.02143,0.0
FINAL_REAL_MARK_PREMIUM_OI_SYNC_AUDIT_2026_07_12,1783728000000,2026-07-11 00:00:00 UTC,ESPORTSUSDT,1783728000000,2026-07-11 00:00:00 UTC,1783814399999,2026-07-11 23:59:59 UTC,True,0.01712,0.01782,0.01522,0.0156,-0.0015200000000000005,-8.8785046728972,39.72306729971423,0.01712,0.0178042,0.01529462,0.01560356,-0.001516439999999999,-8.857710280373826,1783814399999,2026-07-11 23:59:59 UTC,1783728000000,2026-07-11 00:00:00 UTC,0.0,0.0,-3.5600000000014093e-06,-0.022815306250633886,0.0,0.00782223,-0.1007354,-2.03e-05,-0.00030646,-107.09393346379647,1783814399999,2026-07-11 23:59:59 UTC,234595,-106848.0,-31.29307087859467,765683998.0,-355692930.0,-31.719301612026747,12342047.16076,-8897430.87791,-41.89100533313835,binance_kline_quote_asset_volume,3263.8547198363135,52.61001794906115,0.0026,15.186915887850466,-0.0015200000000000005,-8.8785046728972,0.0015200000000000005,8.8785046728972,0.0006999999999999992,26.923076923076895,0.00038000000000000013,14.615384615384622,0.14615384615384622,357751533.0,407932465.0,46.72313042122633,53.27686957877367,5771175.25119,-4917919.079729999,-46.00875366497696,6570871.90957,-3979511.79818,-37.719119118452234,46.76027547146905,53.23972452853095,0.8769871576659142,0.8782967208331516,-799696.6583799999,-6.479449057061909,421794886.0,7221128.44832,-6360690.0,-1.4856025137927902,-1954245.5453599999,-21.298810780967454,1783728000000,2026-07-11 00:00:00 UTC,EXACT_CANDLE_OPEN,0.0,86399.999,421794886.0,-6360690.0,-1.4856025137927902,421794886.0,-6360690.0,-1.4856025137927902,7221128.44832,-1954245.5453599999,-21.298810780967454,0.01712,7221128.44832,-1954245.5453599999,-21.298810780967454,7221128.4483199995,-1954245.5453600008,-21.298810780967464,7221128.4483199995,-1954245.5453600008,-21.298810780967464,7221128.4483199995,-1954245.5453600008,-21.298810780967464,sumOpenInterest * mark_open,6581501.811394161,-748521.6497258395,-10.211722427576898,-0.014967481118795761,-0.22454443877188962,-0.09274827736472904,-0.23951191989068538,-0.1077157584835248,-1.4856025137927902,-20.11199253383108,-8.857710280373826,0.0,9.718551407499309,0.0,ALIGNED_OI_TIMESTAMP_MARK_OPEN,1,0.0,ALIGNED_OI_TIMESTAMP_MARK_OPEN,1,3.1442,0.7219000000000002,29.802254056062427,75.87,24.13,1783728000000,2026-07-11 00:00:00 UTC,0.0,1.1855,-0.027099999999999902,-2.2348672274451515,54.24,45.76,1783728000000,2026-07-11 00:00:00 UTC,0.0,2.6127,0.3447,15.1984126984127,72.32,27.68,1783728000000,2026-07-11 00:00:00 UTC,0.0,-1.9587,-0.5315000000000003,1.4271999999999998,1783728000000,2026-07-11 00:00:00 UTC,0.00028657,0.01712,0.0
FINAL_REAL_MARK_PREMIUM_OI_SYNC_AUDIT_2026_07_12,1783814400000,2026-07-12 00:00:00 UTC,ESPORTSUSDT,1783814400000,2026-07-12 00:00:00 UTC,1783900799999,2026-07-12 23:59:59 UTC,True,0.01559,0.01582,0.01364,0.01429,-0.0013099999999999987,-8.39743589743589,39.403916154727334,0.01560316,0.0158019,0.01403304,0.01427654,-0.00132702,-8.504597668737134,1783900799999,2026-07-12 23:59:59 UTC,1783814400000,2026-07-12 00:00:00 UTC,0.0,0.0,1.3459999999999861e-05,0.0942805469672614,-0.00040506,0.01955898,-0.02939673,0.00049486,0.00051516,-2537.733990147783,1783900799999,2026-07-12 23:59:59 UTC,175732,-58863.0,-25.091327607152753,567761596.0,-197922402.0,-25.849097345247117,8552397.0323,-3789650.128460001,-30.705198895275014,binance_kline_quote_asset_volume,3230.8378439897115,48.66727193852002,0.0021800000000000014,13.9833226427197,-0.001299999999999999,-8.338678640153939,0.001299999999999999,8.338678640153939,0.00023000000000000104,10.55045871559637,0.0006500000000000013,29.816513761467927,0.2981651376146793,251413955.0,316347641.0,44.28160635930015,55.71839364069986,3792677.95941,-1978497.29178,-34.282398396618426,4759719.072889999,-1811152.8366800016,-27.563356303479118,44.34637383047258,55.65362616952741,0.7947394651190081,0.796828111350523,-967041.1134799984,-11.307252339054841,458016640.0,7146690.1232384,36221754.0,8.587528014742217,-74438.32508160081,-1.0308406174234295,1783814400000,2026-07-12 00:00:00 UTC,EXACT_CANDLE_OPEN,0.0,86399.999,458016640.0,36221754.0,8.587528014742217,458016640.0,36221754.0,8.587528014742217,7146690.1232384,-74438.32508160081,-1.0308406174234295,0.015603559999999999,7146690.1232384,-74438.32508160081,-1.0308406174234295,7146506.9165824,-74621.53173759952,-1.0333777091994572,7146506.9165824,-74621.53173759952,-1.0333777091994572,7146506.9165824,-74621.53173759952,-1.0333777091994572,sumOpenInterest * mark_open,6538892.8816256,-42608.929768560454,-0.6474043613388385,0.08238637159024494,-0.09277391286887823,-0.08888146271483705,-0.010387541278633297,-0.006495091124592109,8.587528014742217,-8.860046728971964,-8.504597668737134,0.0025635832741531792,9.29510931920478,-1.1117485214763854e-14,ALIGNED_OI_TIMESTAMP_MARK_OPEN,1,0.0025635832741531792,ALIGNED_OI_TIMESTAMP_MARK_OPEN,1,3.0225,-0.12170000000000014,-3.870618917371673,75.14,24.86,1783814400000,2026-07-12 00:00:00 UTC,0.0,1.207,0.021500000000000075,1.8135807676086104,54.690000000000005,45.31,1783814400000,2026-07-12 00:00:00 UTC,0.0,2.655,0.042300000000000004,1.6190148122631765,72.64,27.36,1783814400000,2026-07-12 00:00:00 UTC,0.0,-1.8155,-0.36750000000000016,1.4479999999999997,1783814400000,2026-07-12 00:00:00 UTC,5e-05,0.01560303,0.0
FINAL_REAL_MARK_PREMIUM_OI_SYNC_AUDIT_2026_07_12,1783900800000,2026-07-13 00:00:00 UTC,ESPORTSUSDT,1783900800000,2026-07-13 00:00:00 UTC,1783987199999,2026-07-13 23:59:59 UTC,True,0.01428,0.01501,0.01317,0.01381,-0.00048000000000000126,-3.358992302309316,39.27938645201815,0.01427644,0.01498858,0.01319,0.01380976,-0.00046677999999999997,-3.269559711246562,1783987199999,2026-07-13 23:59:59 UTC,1783900800000,2026-07-13 00:00:00 UTC,0.0,0.0,2.399999999985747e-07,0.0017379013103672669,0.00182393,0.00988581,-0.00778394,0.0,-0.00049486,-100.0,1783987199999,2026-07-13 23:59:59 UTC,174039,-1693.0,-0.9633988118271004,578936923.0,11175327.0,1.9683132988797643,8271788.6331,-280608.39919999894,-3.281049723723301,binance_kline_quote_asset_volume,3326.4781054821046,47.52836222398428,0.0018400000000000014,12.88515406162466,-0.00046999999999999993,-3.2913165266106437,0.00046999999999999993,3.2913165266106437,0.0007300000000000015,39.67391304347831,0.0006399999999999999,34.782608695652144,0.34782608695652145,272816775.0,306120148.0,47.12374771094018,52.87625228905982,3903785.62602,111107.66660999972,2.9295307378874833,4368003.00708,-391716.06580999866,-8.229814823339082,47.19397217669217,52.80602782330782,0.8912081637958701,0.8937232002112727,-464217.38106000004,-5.61205564661565,450741884.0,6435034.53660136,-7274756.0,-1.5883169659512808,-711655.5866370397,-9.957834667029962,1783900800000,2026-07-13 00:00:00 UTC,EXACT_CANDLE_OPEN,0.0,86399.999,450741884.0,-7274756.0,-1.5883169659512808,450741884.0,-7274756.0,-1.5883169659512808,6435034.53660136,-711655.5866370397,-9.957834667029962,0.01427654,6435034.53660136,-711655.5866370397,-9.957834667029962,6434989.46241296,-711517.4541694401,-9.956157077501322,6434989.46241296,-711517.4541694401,-9.956157077501322,6434989.46241296,-711517.4541694401,-9.956157077501322,sumOpenInterest * mark_open,6224637.23998784,-314255.6416377602,-4.805945705592209,-0.016010658956914323,-0.08886283173350823,-0.03324204207491968,-0.10487349069042255,-0.049252701031834004,-1.5883169659512808,-8.502893003724886,-3.269559711246562,0.0007004547352220921,3.38007322357521,0.0,ALIGNED_OI_TIMESTAMP_MARK_OPEN,1,0.0007004547352220921,ALIGNED_OI_TIMESTAMP_MARK_OPEN,1,3.2974,0.27490000000000014,9.095119933829617,76.73,23.27,1783900800000,2026-07-13 00:00:00 UTC,0.0,1.2309,0.023900000000000032,1.9801159900579977,55.17999999999999,44.82,1783900800000,2026-07-13 00:00:00 UTC,0.0,2.8037,0.14870000000000028,5.600753295668561,73.71,26.290000000000003,1783900800000,2026-07-13 00:00:00 UTC,0.0,-2.0665,-0.4937,1.5728,1783900800000,2026-07-13 00:00:00 UTC,5e-05,0.01428007,0.0
FINAL_REAL_MARK_PREMIUM_OI_SYNC_AUDIT_2026_07_12,1783987200000,2026-07-14 00:00:00 UTC,ESPORTSUSDT,1783987200000,2026-07-14 00:00:00 UTC,1784073599999,2026-07-14 23:59:59 UTC,True,0.0138,0.01495,0.01369,0.01442,0.0006100000000000012,4.417089065894288,39.5408846103062,0.01380976,0.01477805,0.01367822,0.01441182,0.0006020599999999997,4.359670262191376,1784073599999,2026-07-14 23:59:59 UTC,1783987200000,2026-07-14 00:00:00 UTC,0.0,0.0,8.179999999999993e-06,0.05675896590437566,0.0,0.02489648,-0.00658171,0.00256663,0.00256663,,1784073599999,2026-07-14 23:59:59 UTC,125966,-48073.0,-27.621969788380767,430805774.0,-148131149.0,-25.586751011215085,6099048.217,-2172740.4161,-26.266875430129637,binance_kline_quote_asset_volume,3420.01630598733,48.41820981058381,0.001259999999999999,9.130434782608688,0.0006200000000000008,4.4927536231884115,0.0006200000000000008,4.4927536231884115,0.0005299999999999992,42.063492063492035,0.00010999999999999899,8.730158730158658,0.5793650793650796,211463327.0,219342447.0,49.085536861908444,50.91446313809155,2996751.37758,-907034.2484399998,-23.234735083666525,3102296.83942,-1265706.1676599998,-28.976769604060358,49.13473825681677,50.86526174318323,0.9640784530866476,0.9659782840575203,-105545.46184,-1.730523486366463,436826475.0,6032468.781396,-13915409.0,-3.087223418536361,-402565.75520536024,-6.255844516694293,1783987200000,2026-07-14 00:00:00 UTC,EXACT_CANDLE_OPEN,0.0,86399.999,436826475.0,-13915409.0,-3.087223418536361,436826475.0,-13915409.0,-3.087223418536361,6032468.781396,-402565.75520536024,-6.255844516694293,0.013809759999999999,6032468.781396,-402565.75520536024,-6.255844516694293,6032468.781396001,-402520.68101695925,-6.25518788131821,6032468.781396001,-402520.68101695925,-6.25518788131821,6032468.781396001,-402520.68101695925,-6.25518788131821,sumOpenInterest * mark_open,6295464.5289345,70827.28894666024,1.1378540823496823,-0.031358822517370086,-0.0332350375520992,0.042673114656734214,-0.0645938600694693,0.011314292139364128,-3.087223418536361,-3.2688821582971586,4.359670262191376,-1.256157584184524e-14,-4.17754315554872,-1.256157584184524e-14,ALIGNED_OI_TIMESTAMP_MARK_OPEN,1,-1.256157584184524e-14,ALIGNED_OI_TIMESTAMP_MARK_OPEN,1,3.2955,-0.0019000000000000128,-0.057621156062352547,76.72,23.28,1783987200000,2026-07-14 00:00:00 UTC,0.0,1.2134,-0.01750000000000007,-1.421723941831186,54.82,45.18,1783987200000,2026-07-14 00:00:00 UTC,0.0,2.8417,0.03799999999999981,1.355351856475365,73.97,26.029999999999998,1783987200000,2026-07-14 00:00:00 UTC,0.0,-2.0821,-0.4538000000000002,1.6282999999999999,1783987200000,2026-07-14 00:00:00 UTC,0.00029687,0.01380976,0.0
FINAL_REAL_MARK_PREMIUM_OI_SYNC_AUDIT_2026_07_12,1784073600000,2026-07-15 00:00:00 UTC,ESPORTSUSDT,1784073600000,2026-07-15 00:00:00 UTC,1784159999999,2026-07-15 23:59:59 UTC,True,0.01441,0.01552,0.01412,0.01513,0.0007099999999999988,4.923717059639381,39.86550020758593,0.01441565,0.01547,0.01414168,0.01513,0.0007181799999999988,4.983270676430865,1784159999999,2026-07-15 23:59:59 UTC,1784073600000,2026-07-15 00:00:00 UTC,0.0,0.0,0.0,0.0,0.00265932,0.01929079,-0.00940905,0.00464085,0.0020742200000000003,80.81492073263385,1784159999999,2026-07-15 23:59:59 UTC,185228,59262.0,47.046028293349,556683662.0,125877888.0,29.219173835864144,8215101.22022,2116053.0032199994,34.69480692613451,binance_kline_quote_asset_volume,3005.3969270304706,44.351292570345734,0.0014000000000000002,9.715475364330327,0.0007200000000000002,4.996530187369883,0.0007200000000000002,4.996530187369883,0.00039000000000000146,27.857142857142957,0.0002899999999999986,20.71428571428561,0.7214285714285704,264465824.0,292217838.0,47.50738023276135,52.492619767238644,3905030.39975,908279.0221699998,30.308788008415714,4310070.82047,1207773.9810499996,38.931605954116336,47.53478131393521,52.46521868606479,0.9050297059551854,0.9060246484126608,-405040.4207199998,-4.930437372129578,446217609.0,6430807.86173838,9391134.0,2.149854584706662,398339.08034238033,6.60325141790786,1784073600000,2026-07-15 00:00:00 UTC,EXACT_CANDLE_OPEN,0.0,86399.999,446217609.0,9391134.0,2.149854584706662,446217609.0,9391134.0,2.149854584706662,6430807.86173838,398339.08034238033,6.60325141790786,0.01441182,6430807.86173838,398339.08034238033,6.60325141790786,6432516.87518085,400048.09378484916,6.6315816671706385,6432516.87518085,400048.09378484916,6.6315816671706385,6432516.87518085,400048.09378484916,6.6315816671706385,sumOpenInterest * mark_open,6751272.42417,455807.89523549937,7.2402583342431175,0.021270711727846742,0.042938833432786115,0.04863082458442001,0.06420954516063286,0.06990153631226675,2.149854584706662,4.387404270602817,4.983270676430865,-0.026568347594453288,-4.746728354263046,0.0,ALIGNED_OI_TIMESTAMP_MARK_OPEN,1,-0.026568347594453288,ALIGNED_OI_TIMESTAMP_MARK_OPEN,1,3.3234,0.027899999999999814,0.8466090122894799,76.87,23.13,1784073600000,2026-07-15 00:00:00 UTC,0.0,1.2179,0.0044999999999999485,0.3708587440250493,54.910000000000004,45.09,1784073600000,2026-07-15 00:00:00 UTC,0.0,2.9714,0.12970000000000015,4.56416933525707,74.82,25.180000000000003,1784073600000,2026-07-15 00:00:00 UTC,0.0,-2.1055,-0.35199999999999987,1.7535,1784059200000,2026-07-14 20:00:00 UTC,0.0005168,0.01392,14400.0
FINAL_REAL_MARK_PREMIUM_OI_SYNC_AUDIT_2026_07_12,1784160000000,2026-07-16 00:00:00 UTC,ESPORTSUSDT,1784160000000,2026-07-16 00:00:00 UTC,1784246399999,2026-07-16 23:59:59 UTC,True,0.01513,0.0291,0.01343,0.02263,0.0075000000000000015,49.57038995373431,43.32705322433235,0.01513,0.02869978,0.01461081,0.02263,0.0075000000000000015,49.57038995373431,1784246399999,2026-07-16 23:59:59 UTC,1784160000000,2026-07-16 00:00:00 UTC,0.0,0.0,0.0,0.0,0.00463043,0.06677014,-0.22076828,0.00510466,0.0004638099999999994,9.994074361377752,1784246399999,2026-07-16 23:59:59 UTC,2704763,2519535.0,1360.2344138035287,11216666458.0,10659982796.0,1914.9085061526378,240684942.00211,232469840.78189,2829.7866885645567,binance_kline_quote_asset_volume,4147.005285860536,88.98559393266989,0.015670000000000003,103.5690680766689,0.0075000000000000015,49.57038995373431,0.0075000000000000015,49.57038995373431,0.00647,41.289087428206756,0.0017000000000000001,10.848755583918313,0.5871091257179323,5547082834.0,5669583624.0,49.45393406116382,50.54606593883617,119590673.05975,115685642.66000001,2962.477389866317,121094268.94236,116784198.12189,2709.5656425699995,49.687642303232074,50.31235769676792,0.978393335714912,0.987583261406651,-1503595.8826099932,-0.6247153935358414,438872042.0,6640133.99546,-7345567.0,-1.6461849222987521,209326.13372161984,3.2550519036193792,1784160000000,2026-07-16 00:00:00 UTC,EXACT_CANDLE_OPEN,0.0,86399.999,438872042.0,-7345567.0,-1.6461849222987521,438872042.0,-7345567.0,-1.6461849222987521,6640133.99546,209326.13372161984,3.2550519036193792,0.01513,6640133.99546,209326.13372161984,3.2550519036193792,6640133.99546,207617.12027915008,3.227618742520795,6640133.99546,207617.12027915008,3.227618742520795,6640133.99546,207617.12027915008,3.227618742520795,sumOpenInterest * mark_open,9931674.310460001,3180401.8862900017,47.108184746092505,-0.016598851079732472,0.0483651058083682,0.40259693184518147,0.03176625472863573,0.385998080765449,-1.6461849222987521,4.955378356161526,49.57038995373431,0.0,-33.14184710561203,0.0,ALIGNED_OI_TIMESTAMP_MARK_OPEN,1,0.0,ALIGNED_OI_TIMESTAMP_MARK_OPEN,1,3.3764,0.052999999999999936,1.594752362038874,77.14999999999999,22.85,1784160000000,2026-07-16 00:00:00 UTC,0.0,1.28,0.062100000000000044,5.098940799737256,56.14,43.86,1784160000000,2026-07-16 00:00:00 UTC,0.0,2.9651,-0.006299999999999972,-0.2120212694352821,74.78,25.22,1784160000000,2026-07-16 00:00:00 UTC,0.0,-2.0964,-0.4112999999999998,1.6851,1784160000000,2026-07-16 00:00:00 UTC,0.00109103,0.01513,0.0
FINAL_REAL_MARK_PREMIUM_OI_SYNC_AUDIT_2026_07_12,1784246400000,2026-07-17 00:00:00 UTC,ESPORTSUSDT,1784246400000,2026-07-17 00:00:00 UTC,1784332799999,2026-07-17 23:59:59 UTC,True,0.02265,0.03235,0.01827,0.03105,0.00842,37.20724701723376,47.01461171411348,0.02263,0.03224,0.01831,0.03100085,0.008370849999999999,36.99005744586831,1784332799999,2026-07-17 23:59:59 UTC,1784246400000,2026-07-17 00:00:00 UTC,0.0,0.0,4.9150000000001276e-05,0.15854403992149013,0.00096581,0.02525775,-0.10053049,0.00210671,-0.0029979499999999997,-58.729670536333465,1784332799999,2026-07-17 23:59:59 UTC,3103799,399036.0,14.753085575335067,10386644583.0,-830021875.0,-7.399897983130346,242420341.58613,1735399.5840199888,0.7210254075657027,binance_kline_quote_asset_volume,3346.4295152488935,78.10439451334638,0.014079999999999995,62.1633554083885,0.008400000000000001,37.08609271523179,0.008400000000000001,37.08609271523179,0.0012999999999999956,9.232954545454518,0.0043799999999999985,31.107954545454547,0.9076704545454548,5197031060.0,5189613523.0,50.035707089718564,49.964292910281436,121557882.59995,1967209.540199995,1.6449523109692141,120862458.98618,-231809.95618000627,-0.19142933699888484,50.143433428321224,49.856566571678776,1.0014293043146905,1.0057538430014032,695423.6137700081,0.28686685664244466,507079401.0,11475206.84463,68207359.0,15.54151380643199,4835072.849169999,72.81589275872807,1784246400000,2026-07-17 00:00:00 UTC,EXACT_CANDLE_OPEN,0.0,86399.999,507079401.0,68207359.0,15.54151380643199,507079401.0,68207359.0,15.54151380643199,11475206.84463,4835072.849169999,72.81589275872807,0.022629999999999997,11475206.84463,4835072.849169999,72.81589275872807,11475206.844630001,4835072.849170001,72.81589275872811,11475206.844630001,4835072.849170001,72.81589275872811,11475206.844630001,4835072.849170001,72.81589275872811,sumOpenInterest * mark_open,15719892.44849085,5788218.138030849,58.28038613725705,0.14445970629089894,0.40259693184518147,0.31473816381863534,0.5470566381360804,0.4591978701095343,15.54151380643199,49.57038995373431,36.99005744586831,-1.533118405635711e-14,-27.002001558021803,-1.533118405635711e-14,ALIGNED_OI_TIMESTAMP_MARK_OPEN,1,-1.533118405635711e-14,ALIGNED_OI_TIMESTAMP_MARK_OPEN,1,1.7809,-1.5955,-47.254472218931404,64.03999999999999,35.96,1784246400000,2026-07-17 00:00:00 UTC,0.0,1.3565,0.07650000000000001,5.976562500000001,57.56,42.44,1784246400000,2026-07-17 00:00:00 UTC,0.0,1.751,-1.2141000000000002,-40.94634245050758,63.65,36.35,1784246400000,2026-07-17 00:00:00 UTC,0.0,-0.4243999999999999,-0.029900000000000038,0.39449999999999985,1784246400000,2026-07-17 00:00:00 UTC,0.00044803,0.02263,0.0
