assessment_status,campaign_index,checkpoint_minutes,coverage_status,dominant_hypothesis,execution_decay,execution_decay_prior_median,execution_rank_last,execution_rank_last_prior_median,execution_rank_median,execution_rank_median_prior_median,ignition_time,missing_evidence,oi_return_pct,oi_return_pct_prior_median,opposing_evidence,positive_oi_fraction,positive_oi_fraction_prior_median,price_min_return_pct,price_min_return_pct_prior_median,price_return_pct,price_return_pct_prior_median,prior_campaign_count,prior_campaign_indices,supporting_evidence,taker_imbalance_median,taker_imbalance_median_prior_median,valid_ignition
IGNITION_SNAPSHOT_ONLY,1,0,COMPLETE,UNRESOLVED,0.0,,0.6296296296296297,,0.6296296296296297,,2026-07-04T00:15:00+00:00,post-ignition sequence,0.0,,,,,0.0,,0.0,,0,,ignition proposal frozen,5.408606684683715,,True
ABSTAIN_INSUFFICIENT_PRIOR_BASELINE,1,15,COMPLETE,UNRESOLVED,-0.3082010582010582,,0.32142857142857145,,0.4755291005291006,,2026-07-04T00:15:00+00:00,price_return_pct|oi_return_pct|execution_rank_median,-5.199913507901266,,,0.0,,-4.99047619047619,,-4.99047619047619,,0,,,0.7855875753085306,,True
ABSTAIN_INSUFFICIENT_PRIOR_BASELINE,1,30,COMPLETE,UNRESOLVED,0.09450830140485311,,0.7241379310344828,,0.6296296296296297,,2026-07-04T00:15:00+00:00,price_return_pct|oi_return_pct|execution_rank_median,-6.678795287864025,,,0.0,,-11.58095238095238,,-11.58095238095238,,0,,,-3.8374315340666536,,True
ABSTAIN_INSUFFICIENT_PRIOR_BASELINE,1,45,COMPLETE,UNRESOLVED,-0.29629629629629634,,0.3333333333333333,,0.4814814814814815,,2026-07-04T00:15:00+00:00,price_return_pct|oi_return_pct|execution_rank_median,-7.193343009771979,,,0.0,,-11.73333333333334,,-11.73333333333334,,0,,,-2.497391718288095,,True
ABSTAIN_INSUFFICIENT_PRIOR_BASELINE,1,60,COMPLETE,UNRESOLVED,-0.3715651135005974,,0.25806451612903225,,0.3333333333333333,,2026-07-04T00:15:00+00:00,price_return_pct|oi_return_pct|execution_rank_median,-4.561791659459102,,,0.25,,-14.133333333333342,,-14.133333333333342,,0,,,-3.8374315340666536,,True
IGNITION_SNAPSHOT_ONLY,2,0,COMPLETE,UNRESOLVED,0.0,0.0,0.8695652173913043,0.6296296296296297,0.8695652173913043,0.6296296296296297,2026-07-04T05:00:00+00:00,post-ignition sequence,0.0,0.0,,,,0.0,0.0,0.0,0.0,1,1,ignition proposal frozen,5.747002117133096,5.408606684683715,True
ABSTAIN_INSUFFICIENT_PRIOR_BASELINE,2,15,COMPLETE,UNRESOLVED,-0.039777983348751156,-0.3082010582010582,0.8297872340425532,0.32142857142857145,0.8496762257169288,0.4755291005291006,2026-07-04T05:00:00+00:00,price_return_pct|oi_return_pct|execution_rank_median,-4.1218938937975675,-5.199913507901266,,0.0,0.0,-2.533969886154974,-4.99047619047619,-2.533969886154974,-4.99047619047619,1,1,,2.537015007419916,0.7855875753085306,True
ABSTAIN_INSUFFICIENT_PRIOR_BASELINE,2,30,COMPLETE,UNRESOLVED,-0.3278985507246377,0.09450830140485311,0.5416666666666666,0.7241379310344828,0.8297872340425532,0.6296296296296297,2026-07-04T05:00:00+00:00,price_return_pct|oi_return_pct|execution_rank_median,-5.671490444573379,-6.678795287864025,,0.0,0.0,-2.533969886154974,-11.58095238095238,-1.0282776349614497,-11.58095238095238,1,1,,3.7054301271479955,-3.8374315340666536,True
ABSTAIN_INSUFFICIENT_PRIOR_BASELINE,2,45,COMPLETE,UNRESOLVED,-0.5430346051464063,-0.29629629629629634,0.32653061224489793,0.3333333333333333,0.68572695035461,0.4814814814814815,2026-07-04T05:00:00+00:00,price_return_pct|oi_return_pct|execution_rank_median,-3.90697493679959,-7.193343009771979,,0.3333333333333333,0.0,-2.533969886154974,-11.73333333333334,0.1836210062431176,-11.73333333333334,1,1,,2.6000145629696383,-2.497391718288095,True
ABSTAIN_INSUFFICIENT_PRIOR_BASELINE,2,60,COMPLETE,UNRESOLVED,-0.4695652173913043,-0.3715651135005974,0.4,0.25806451612903225,0.5416666666666666,0.3333333333333333,2026-07-04T05:00:00+00:00,price_return_pct|oi_return_pct|execution_rank_median,-2.786379021683605,-4.561791659459102,,0.5,0.25,-2.533969886154974,-14.133333333333342,0.33051781123760726,-14.133333333333342,1,1,,1.494598998791281,-3.8374315340666536,True
IGNITION_SNAPSHOT_ONLY,3,0,COMPLETE,UNRESOLVED,0.0,0.0,0.984375,0.749597423510467,0.984375,0.749597423510467,2026-07-04T09:30:00+00:00,post-ignition sequence,0.0,0.0,,,,0.0,0.0,0.0,0.0,2,1|2,ignition proposal frozen,4.624548286813565,5.577804400908406,True
FULL_FUEL_RETENTION_CONTEXT,3,15,COMPLETE,TLM_POST_IGNITION_FUEL_RETENTION,-0.06129807692307687,-0.17398952077490468,0.9230769230769231,0.5756079027355623,0.9537259615384616,0.6626026631230146,2026-07-04T09:30:00+00:00,,3.3561198966112427,-4.660903700849417,,1.0,0.0,0.0,-3.762223038315582,0.0,-3.762223038315582,2,1|2,price_return_pct=ABOVE|price_min_return_pct=ABOVE|oi_return_pct=ABOVE|positive_oi_fraction=ABOVE|execution_rank_median=ABOVE|execution_rank_last=ABOVE|execution_decay=ABOVE|taker_imbalance_median=ABOVE,3.381616674477303,1.6613012913642233,True
FULL_FUEL_RETENTION_CONTEXT,3,30,COMPLETE,TLM_POST_IGNITION_FUEL_RETENTION,-0.12073863636363635,-0.11669512465989229,0.8636363636363636,0.6329022988505747,0.9230769230769231,0.7297084318360914,2026-07-04T09:30:00+00:00,,7.6273244323300515,-6.175142866218702,execution_decay=BELOW,1.0,0.0,-1.9078947368421195,-7.057461133553677,-1.9078947368421195,-6.304615007956915,2,1|2,price_return_pct=ABOVE|price_min_return_pct=ABOVE|oi_return_pct=ABOVE|positive_oi_fraction=ABOVE|execution_rank_median=ABOVE|execution_rank_last=ABOVE|taker_imbalance_median=ABOVE,2.1386850621410414,-0.06600070345932907,True
MIXED_CONTEXT,3,45,COMPLETE,NEW_UNIDENTIFIED_STRUCTURE,-0.34258395522388063,-0.4196654507213513,0.6417910447761194,0.3299319727891156,0.8933566433566433,0.5836042159180457,2026-07-04T09:30:00+00:00,,8.171303318286661,-5.550158973285784,price_return_pct=BELOW,1.0,0.16666666666666666,-6.25,-7.133651609744157,-6.25,-5.774856163545111,2,1|2,price_min_return_pct=ABOVE|oi_return_pct=ABOVE|positive_oi_fraction=ABOVE|execution_rank_median=ABOVE|execution_rank_last=ABOVE|execution_decay=ABOVE|taker_imbalance_median=ABOVE,1.9841646970992817,0.05131142234077157,True
MIXED_CONTEXT,3,60,COMPLETE,NEW_UNIDENTIFIED_STRUCTURE,-0.2931985294117647,-0.42056516544595085,0.6911764705882353,0.32903225806451614,0.8636363636363636,0.4375,2026-07-04T09:30:00+00:00,,6.687975014663983,-3.674085340571353,price_return_pct=BELOW,0.75,0.375,-7.9605263157894735,-8.333651609744159,-7.9605263157894735,-6.901407761047867,2,1|2,price_min_return_pct=ABOVE|oi_return_pct=ABOVE|positive_oi_fraction=ABOVE|execution_rank_median=ABOVE|execution_rank_last=ABOVE|execution_decay=ABOVE|taker_imbalance_median=ABOVE,1.8296443320575217,-1.1714162676376862,True
IGNITION_SNAPSHOT_ONLY,4,0,COMPLETE,UNRESOLVED,0.0,0.0,0.13157894736842105,0.8695652173913043,0.13157894736842105,0.8695652173913043,2026-07-14T16:00:00+00:00,post-ignition sequence,0.0,0.0,,,,0.0,0.0,0.0,0.0,3,1|2|3,ignition proposal frozen,-0.7355381908678534,5.408606684683715,False
MIXED_CONTEXT,4,15,COMPLETE,NEW_UNIDENTIFIED_STRUCTURE,0.007551487414187652,-0.06129807692307687,0.1391304347826087,0.8297872340425532,0.13535469107551487,0.8496762257169288,2026-07-14T16:00:00+00:00,,1.1006680237594546,-4.1218938937975675,execution_rank_median=BELOW|execution_rank_last=BELOW|taker_imbalance_median=BELOW,1.0,0.0,-1.2048192771084265,-2.533969886154974,-1.2048192771084265,-2.533969886154974,3,1|2|3,price_return_pct=ABOVE|price_min_return_pct=ABOVE|oi_return_pct=ABOVE|positive_oi_fraction=ABOVE|execution_decay=ABOVE,2.412418377986735,2.537015007419916,False
MIXED_CONTEXT,4,30,COMPLETE,NEW_UNIDENTIFIED_STRUCTURE,-0.010889292196007247,-0.12073863636363635,0.1206896551724138,0.7241379310344828,0.13157894736842105,0.8297872340425532,2026-07-14T16:00:00+00:00,,1.634594336638795,-5.671490444573379,execution_rank_median=BELOW|execution_rank_last=BELOW|taker_imbalance_median=BELOW,1.0,0.0,-1.2048192771084265,-2.533969886154974,-0.9179575444635657,-1.9078947368421195,3,1|2|3,price_return_pct=ABOVE|price_min_return_pct=ABOVE|oi_return_pct=ABOVE|positive_oi_fraction=ABOVE|execution_decay=ABOVE,-0.7355381908678534,2.1386850621410414,False
MIXED_CONTEXT,4,45,COMPLETE,NEW_UNIDENTIFIED_STRUCTURE,0.005173189383715721,-0.34258395522388063,0.13675213675213677,0.3333333333333333,0.13416554206027892,0.68572695035461,2026-07-14T16:00:00+00:00,,1.5018656904765892,-3.90697493679959,execution_rank_median=BELOW|execution_rank_last=BELOW|taker_imbalance_median=BELOW,0.6666666666666666,0.3333333333333333,-1.2048192771084265,-6.25,0.40160642570281624,-6.25,3,1|2|3,price_return_pct=ABOVE|price_min_return_pct=ABOVE|oi_return_pct=ABOVE|positive_oi_fraction=ABOVE|execution_decay=ABOVE,1.520799122662612,1.9841646970992817,False
MIXED_CONTEXT,4,60,COMPLETE,NEW_UNIDENTIFIED_STRUCTURE,-0.004460303300624441,-0.3715651135005974,0.1271186440677966,0.4,0.13157894736842105,0.5416666666666666,2026-07-14T16:00:00+00:00,,2.7904463371946964,-2.786379021683605,execution_rank_median=BELOW|execution_rank_last=BELOW|taker_imbalance_median=BELOW,0.75,0.5,-1.2048192771084265,-7.9605263157894735,-0.5737234652897327,-7.9605263157894735,3,1|2|3,price_return_pct=ABOVE|price_min_return_pct=ABOVE|oi_return_pct=ABOVE|positive_oi_fraction=ABOVE|execution_decay=ABOVE,-0.7355381908678534,1.494598998791281,False
IGNITION_SNAPSHOT_ONLY,5,0,COMPLETE,UNRESOLVED,0.0,0.0,0.38461538461538464,0.749597423510467,0.38461538461538464,0.749597423510467,2026-07-15T05:45:00+00:00,post-ignition sequence,0.0,0.0,,,,0.0,0.0,0.0,0.0,4,1|2|3|4,ignition proposal frozen,8.811198925051604,5.016577485748639,True
MIXED_CONTEXT,5,15,COMPLETE,NEW_UNIDENTIFIED_STRUCTURE,0.015384615384615385,-0.050538030135914014,0.4,0.5756079027355623,0.39230769230769236,0.6626026631230146,2026-07-15T05:45:00+00:00,,-0.3686123801856067,-1.5106129350190565,positive_oi_fraction=BELOW|execution_rank_median=BELOW|execution_rank_last=BELOW,0.0,0.5,0.0,-1.8693945816317004,0.5421686746987842,-1.8693945816317004,4,1|2|3|4,price_return_pct=ABOVE|price_min_return_pct=ABOVE|oi_return_pct=ABOVE|execution_decay=ABOVE|taker_imbalance_median=ABOVE,8.752046704527029,2.4747166927033257,True
MIXED_CONTEXT,5,30,COMPLETE,NEW_UNIDENTIFIED_STRUCTURE,0.013045434098065634,-0.06581396427982181,0.39766081871345027,0.6329022988505747,0.39766081871345027,0.7297084318360914,2026-07-15T05:45:00+00:00,,0.6251427252178976,-2.018448053967292,execution_rank_median=BELOW|execution_rank_last=BELOW,0.5,0.5,0.0,-2.220932311498547,1.1445783132530085,-1.4680861859017846,4,1|2|3|4,price_return_pct=ABOVE|price_min_return_pct=ABOVE|oi_return_pct=ABOVE|execution_decay=ABOVE|taker_imbalance_median=ABOVE,8.692894484002455,0.7015734356365939,True
MIXED_CONTEXT,5,45,COMPLETE,NEW_UNIDENTIFIED_STRUCTURE,-0.035778175313059046,-0.3194401257600885,0.3488372093023256,0.3299319727891156,0.3911381016644174,0.5836042159180457,2026-07-15T05:45:00+00:00,,0.30122580245026676,-1.2025546231615003,positive_oi_fraction=BELOW|execution_rank_median=BELOW,0.3333333333333333,0.5,0.0,-4.391984943077487,1.2650602409638445,-3.033189496878441,4,1|2|3|4,price_return_pct=ABOVE|price_min_return_pct=ABOVE|oi_return_pct=ABOVE|execution_rank_last=ABOVE|execution_decay=ABOVE|taker_imbalance_median=ABOVE,6.4280159576016045,1.752481909880947,True
SHORT_COVERING_CONTEXT,5,60,COMPLETE,TLM_SHORT_COVERING_ONLY,-0.2574477545575812,-0.33238182145618106,0.12716763005780346,0.32903225806451614,0.38461538461538464,0.4375,2026-07-15T05:45:00+00:00,,-0.27887292560552224,0.002033657755545759,oi_return_pct=BELOW|positive_oi_fraction=BELOW|execution_rank_median=BELOW|execution_rank_last=BELOW,0.25,0.625,0.0,-5.247248100972223,0.24096385542167198,-4.267124890539603,4,1|2|3|4,price_return_pct=ABOVE|price_min_return_pct=ABOVE|execution_decay=ABOVE|taker_imbalance_median=ABOVE,4.163137431200754,0.37953040396171384,True
IGNITION_SNAPSHOT_ONLY,6,0,COMPLETE,UNRESOLVED,0.0,0.0,0.4789473684210526,0.6296296296296297,0.4789473684210526,0.6296296296296297,2026-07-15T11:00:00+00:00,post-ignition sequence,0.0,0.0,,,,0.0,0.0,0.0,0.0,5,1|2|3|4|5,ignition proposal frozen,11.877975126449309,5.408606684683715,True
MIXED_CONTEXT,6,15,COMPLETE,NEW_UNIDENTIFIED_STRUCTURE,-0.007743179939377232,-0.039777983348751156,0.4712041884816754,0.4,0.475075778451364,0.4755291005291006,2026-07-15T11:00:00+00:00,,1.122475545916779,-0.3686123801856067,price_return_pct=BELOW|price_min_return_pct=BELOW|execution_rank_median=BELOW|taker_imbalance_median=BELOW,1.0,0.0,-2.9293509477311797,-1.2048192771084265,-2.9293509477311797,-1.2048192771084265,5,1|2|3|4|5,oi_return_pct=ABOVE|positive_oi_fraction=ABOVE|execution_rank_last=ABOVE|execution_decay=ABOVE,2.339495527215488,2.537015007419916,True
MIXED_CONTEXT,6,30,COMPLETE,NEW_UNIDENTIFIED_STRUCTURE,-0.02582236842105262,-0.010889292196007247,0.453125,0.5416666666666666,0.4712041884816754,0.6296296296296297,2026-07-15T11:00:00+00:00,,1.1581069703430202,0.6251427252178976,price_return_pct=BELOW|price_min_return_pct=BELOW|execution_rank_median=BELOW|execution_rank_last=BELOW|execution_decay=BELOW|taker_imbalance_median=BELOW,1.0,0.5,-4.250430786904069,-1.9078947368421195,-4.250430786904069,-1.0282776349614497,5,1|2|3|4|5,oi_return_pct=ABOVE|positive_oi_fraction=ABOVE,-7.198984072018333,2.1386850621410414,True
MIXED_CONTEXT,6,45,COMPLETE,NEW_UNIDENTIFIED_STRUCTURE,-0.12661576220343607,-0.29629629629629634,0.35233160621761656,0.3333333333333333,0.46216459424083767,0.4814814814814815,2026-07-15T11:00:00+00:00,,1.1746857007652212,0.30122580245026676,price_return_pct=BELOW|price_min_return_pct=BELOW|execution_rank_median=BELOW|taker_imbalance_median=BELOW,1.0,0.3333333333333333,-4.250430786904069,-2.533969886154974,-3.9632395175186574,0.1836210062431176,5,1|2|3|4|5,oi_return_pct=ABOVE|positive_oi_fraction=ABOVE|execution_rank_last=ABOVE|execution_decay=ABOVE,-4.194403554839696,1.9841646970992817,True
MIXED_CONTEXT,6,60,COMPLETE,NEW_UNIDENTIFIED_STRUCTURE,-0.14389582202930007,-0.2931985294117647,0.33505154639175255,0.25806451612903225,0.453125,0.38461538461538464,2026-07-15T11:00:00+00:00,,0.8268429391769416,-0.27887292560552224,price_return_pct=BELOW|price_min_return_pct=BELOW|taker_imbalance_median=BELOW,0.75,0.5,-4.422745548535323,-2.533969886154974,-4.422745548535323,-0.5737234652897327,5,1|2|3|4|5,oi_return_pct=ABOVE|positive_oi_fraction=ABOVE|execution_rank_median=ABOVE|execution_rank_last=ABOVE|execution_decay=ABOVE,-1.189823037661059,1.494598998791281,True
IGNITION_SNAPSHOT_ONLY,7,0,COMPLETE,UNRESOLVED,0.0,0.0,0.5747126436781609,0.5542884990253412,0.5747126436781609,0.5542884990253412,2026-07-16T04:45:00+00:00,post-ignition sequence,0.0,0.0,,,,0.0,0.0,0.0,0.0,6,1|2|3|4|5|6,ignition proposal frozen,-3.76683224102652,5.577804400908406,True
MIXED_CONTEXT,7,15,COMPLETE,NEW_UNIDENTIFIED_STRUCTURE,-0.3342546284109853,-0.023760581644064194,0.24045801526717558,0.43560209424083773,0.40758532947266823,0.4753024394902323,2026-07-16T04:45:00+00:00,,0.5018449364112332,0.36602782178692395,execution_rank_median=BELOW|execution_rank_last=BELOW|execution_decay=BELOW|taker_imbalance_median=BELOW,1.0,0.5,-0.8536585365853555,-1.8693945816317004,-0.8536585365853555,-1.8693945816317004,6,1|2|3|4|5|6,price_return_pct=ABOVE|price_min_return_pct=ABOVE|oi_return_pct=ABOVE|positive_oi_fraction=ABOVE,-16.164825351328467,2.4747166927033257,True
MIXED_CONTEXT,7,30,COMPLETE,NEW_UNIDENTIFIED_STRUCTURE,-0.24771644595952969,-0.018355830308529934,0.3269961977186312,0.4973958333333333,0.3269961977186312,0.5504169090556525,2026-07-16T04:45:00+00:00,,0.18440197660680724,0.8916248477804589,oi_return_pct=BELOW|positive_oi_fraction=BELOW|execution_rank_median=BELOW|execution_rank_last=BELOW|execution_decay=BELOW|taker_imbalance_median=BELOW,0.5,0.75,-1.0365853658536484,-2.220932311498547,-1.0365853658536484,-1.4680861859017846,6,1|2|3|4|5|6,price_return_pct=ABOVE|price_min_return_pct=ABOVE,-26.030946377886703,0.7015734356365939,True
MIXED_CONTEXT,7,45,COMPLETE,NEW_UNIDENTIFIED_STRUCTURE,-0.3209247648902821,-0.2114560292498662,0.2537878787878788,0.34108527131782945,0.290392038253255,0.4718230378611596,2026-07-16T04:45:00+00:00,,0.3694754403051448,0.737955751607744,oi_return_pct=BELOW|execution_rank_median=BELOW|execution_rank_last=BELOW|execution_decay=BELOW|taker_imbalance_median=BELOW,0.6666666666666666,0.5,-1.8292682926829174,-3.3922003365295215,-1.8292682926829174,-1.88980925563777,6,1|2|3|4|5|6,price_return_pct=ABOVE|price_min_return_pct=ABOVE|positive_oi_fraction=ABOVE,-25.343712395078576,1.752481909880947,True
MIXED_CONTEXT,7,60,COMPLETE,NEW_UNIDENTIFIED_STRUCTURE,-0.21999566254608544,-0.27532314198467295,0.35471698113207545,0.2965580312603924,0.3269961977186312,0.4188701923076923,2026-07-16T04:45:00+00:00,,0.4752242984312538,0.2739850067857097,execution_rank_median=BELOW|taker_imbalance_median=BELOW,0.75,0.625,-2.1341463414634054,-3.4783577173451485,-2.1341463414634054,-2.498234506912528,6,1|2|3|4|5|6,price_return_pct=ABOVE|price_min_return_pct=ABOVE|oi_return_pct=ABOVE|positive_oi_fraction=ABOVE|execution_rank_last=ABOVE|execution_decay=ABOVE,-24.656478412270445,0.37953040396171384,True
IGNITION_SNAPSHOT_ONLY,8,0,COMPLETE,UNRESOLVED,0.0,0.0,0.6336633663366337,0.5747126436781609,0.6336633663366337,0.5747126436781609,2026-07-16T15:15:00+00:00,post-ignition sequence,0.0,0.0,,,,0.0,0.0,0.0,0.0,7,1|2|3|4|5|6|7,ignition proposal frozen,13.7695936053198,5.408606684683715,True
SHORT_COVERING_CONTEXT,8,15,COMPLETE,TLM_SHORT_COVERING_ONLY,-0.0810317873892652,-0.039777983348751156,0.5526315789473685,0.4,0.5931474726420011,0.475075778451364,2026-07-16T15:15:00+00:00,,-0.693023133245052,0.5018449364112332,oi_return_pct=BELOW|positive_oi_fraction=BELOW|execution_decay=BELOW,0.0,1.0,0.0,-1.2048192771084265,0.5098789037603524,-1.2048192771084265,7,1|2|3|4|5|6|7,price_return_pct=ABOVE|price_min_return_pct=ABOVE|execution_rank_median=ABOVE|execution_rank_last=ABOVE|taker_imbalance_median=ABOVE,17.156515400697526,2.412418377986735,True
TRANSIENT_FAILURE_CONTEXT,8,30,COMPLETE,TLM_TRANSIENT_EXECUTION_SPIKE,-0.0008764810907320175,-0.02582236842105262,0.6327868852459017,0.453125,0.6327868852459017,0.4712041884816754,2026-07-16T15:15:00+00:00,,-0.6387899156327426,0.6251427252178976,price_return_pct=BELOW|oi_return_pct=BELOW,0.5,0.5,-1.5933715742511234,-1.9078947368421195,-1.5933715742511234,-1.0365853658536484,7,1|2|3|4|5|6|7,price_min_return_pct=ABOVE|execution_rank_median=ABOVE|execution_rank_last=ABOVE|execution_decay=ABOVE|taker_imbalance_median=ABOVE,13.7695936053198,-0.7355381908678534,True
MIXED_CONTEXT,8,45,COMPLETE,NEW_UNIDENTIFIED_STRUCTURE,-0.1728790526111435,-0.29629629629629634,0.46078431372549017,0.3333333333333333,0.5927092320966351,0.46216459424083767,2026-07-16T15:15:00+00:00,,-0.5969340599616735,0.3694754403051448,oi_return_pct=BELOW,0.6666666666666666,0.6666666666666666,-1.5933715742511234,-2.533969886154974,-1.4021669853409913,-1.8292682926829174,7,1|2|3|4|5|6|7,price_return_pct=ABOVE|price_min_return_pct=ABOVE|execution_rank_median=ABOVE|execution_rank_last=ABOVE|execution_decay=ABOVE|taker_imbalance_median=ABOVE,4.969788032012567,1.520799122662612,True
MIXED_CONTEXT,8,60,COMPLETE,NEW_UNIDENTIFIED_STRUCTURE,-0.2623278614506402,-0.2574477545575812,0.3713355048859935,0.33505154639175255,0.5526315789473685,0.38461538461538464,2026-07-16T15:15:00+00:00,,-0.40054516574323795,0.4752242984312538,oi_return_pct=BELOW|execution_decay=BELOW|taker_imbalance_median=BELOW,0.75,0.75,-1.9757807520713877,-2.533969886154974,-1.9757807520713877,-2.1341463414634054,7,1|2|3|4|5|6|7,price_return_pct=ABOVE|price_min_return_pct=ABOVE|execution_rank_median=ABOVE|execution_rank_last=ABOVE,-3.8300175412946653,-0.7355381908678534,True
IGNITION_SNAPSHOT_ONLY,9,0,COMPLETE,UNRESOLVED,0.0,0.0,0.6627218934911243,0.6021711366538953,0.6627218934911243,0.6021711366538953,2026-07-17T00:00:00+00:00,post-ignition sequence,0.0,0.0,,,,0.0,0.0,0.0,0.0,8,1|2|3|4|5|6|7|8,ignition proposal frozen,2.001289087170869,5.577804400908406,True
FULL_FUEL_RETENTION_CONTEXT,9,15,COMPLETE,TLM_POST_IGNITION_FUEL_RETENTION,-0.0019549318392069193,-0.050538030135914014,0.6607669616519174,0.43560209424083773,0.6617444275715209,0.4753024394902323,2026-07-17T00:00:00+00:00,,0.15134678087038722,0.06661627811281323,,1.0,0.5,0.0,-1.029238906846891,0.9402283411685586,-1.029238906846891,8,1|2|3|4|5|6|7|8,price_return_pct=ABOVE|price_min_return_pct=ABOVE|oi_return_pct=ABOVE|positive_oi_fraction=ABOVE|execution_rank_median=ABOVE|execution_rank_last=ABOVE|execution_decay=ABOVE|taker_imbalance_median=ABOVE,12.249246073906608,2.4747166927033257,True
SHORT_COVERING_CONTEXT,9,30,COMPLETE,TLM_SHORT_COVERING_ONLY,-0.2656630699617126,-0.018355830308529934,0.39705882352941174,0.4973958333333333,0.6607669616519174,0.5504169090556525,2026-07-17T00:00:00+00:00,,-0.5786722689115953,0.4047723509123524,oi_return_pct=BELOW|execution_rank_last=BELOW|execution_decay=BELOW,0.5,0.5,0.0,-1.7506331555466215,1.8132975151108122,-1.3149784700523859,8,1|2|3|4|5|6|7|8,price_return_pct=ABOVE|price_min_return_pct=ABOVE|execution_rank_median=ABOVE|taker_imbalance_median=ABOVE,5.635753760269594,0.7015734356365939,True
SHORT_COVERING_CONTEXT,9,45,COMPLETE,TLM_SHORT_COVERING_ONLY,-0.4574433011157577,-0.23458767445371992,0.20527859237536658,0.34108527131782945,0.5289128925906645,0.4718230378611596,2026-07-17T00:00:00+00:00,,-0.23507640069866387,0.33535062137770577,oi_return_pct=BELOW|execution_rank_last=BELOW|execution_decay=BELOW,0.6666666666666666,0.6666666666666666,0.0,-2.1816190894189456,2.149093351242448,-1.6157176390119543,8,1|2|3|4|5|6|7|8,price_return_pct=ABOVE|price_min_return_pct=ABOVE|execution_rank_median=ABOVE|taker_imbalance_median=ABOVE,14.066478410455971,1.752481909880947,True
SHORT_COVERING_CONTEXT,9,60,COMPLETE,TLM_SHORT_COVERING_ONLY,-0.28552891103498396,-0.2598878080041107,0.37719298245614036,0.344884263761914,0.39705882352941174,0.4188701923076923,2026-07-17T00:00:00+00:00,,-0.5104441728911002,0.09817568641286578,oi_return_pct=BELOW|positive_oi_fraction=BELOW|execution_rank_median=BELOW|execution_decay=BELOW,0.5,0.75,0.0,-2.33405811380919,2.417730020147757,-2.0549635467673966,8,1|2|3|4|5|6|7|8,price_return_pct=ABOVE|price_min_return_pct=ABOVE|execution_rank_last=ABOVE|taker_imbalance_median=ABOVE,22.49720306064235,-0.9626806142644562,True
IGNITION_SNAPSHOT_ONLY,10,0,COMPLETE,UNRESOLVED,0.0,0.0,0.6827956989247311,0.6296296296296297,0.6827956989247311,0.6296296296296297,2026-07-17T08:30:00+00:00,post-ignition sequence,0.0,0.0,,,,0.0,0.0,0.0,0.0,9,1|2|3|4|5|6|7|8|9,ignition proposal frozen,0.37662285072368545,5.408606684683715,True
FULL_FUEL_RETENTION_CONTEXT,10,15,COMPLETE,TLM_POST_IGNITION_FUEL_RETENTION,0.030341030297789007,-0.039777983348751156,0.7131367292225201,0.4712041884816754,0.6979662140736256,0.4755291005291006,2026-07-17T08:30:00+00:00,,1.1872628949811448,0.15134678087038722,,1.0,1.0,0.0,-0.8536585365853555,0.5784061696658016,-0.8536585365853555,9,1|2|3|4|5|6|7|8|9,price_return_pct=ABOVE|price_min_return_pct=ABOVE|oi_return_pct=ABOVE|execution_rank_median=ABOVE|execution_rank_last=ABOVE|execution_decay=ABOVE|taker_imbalance_median=ABOVE,2.9714642009087457,2.537015007419916,True
FULL_FUEL_RETENTION_CONTEXT,10,30,COMPLETE,TLM_POST_IGNITION_FUEL_RETENTION,-0.0009775171065493637,-0.02582236842105262,0.6818181818181818,0.453125,0.6827956989247311,0.6296296296296297,2026-07-17T08:30:00+00:00,,2.3487184312239506,0.18440197660680724,taker_imbalance_median=BELOW,1.0,0.5,0.0,-1.5933715742511234,0.25706940874035134,-1.0365853658536484,9,1|2|3|4|5|6|7|8|9,price_return_pct=ABOVE|price_min_return_pct=ABOVE|oi_return_pct=ABOVE|positive_oi_fraction=ABOVE|execution_rank_median=ABOVE|execution_rank_last=ABOVE|execution_decay=ABOVE,0.37662285072368545,2.1386850621410414,True
FULL_FUEL_RETENTION_CONTEXT,10,45,COMPLETE,TLM_POST_IGNITION_FUEL_RETENTION,-0.12279569892473108,-0.29629629629629634,0.56,0.3333333333333333,0.6823069403714564,0.4814814814814815,2026-07-17T08:30:00+00:00,,2.3275010368587923,0.30122580245026676,taker_imbalance_median=BELOW,0.6666666666666666,0.6666666666666666,-0.6426735218509005,-1.8292682926829174,-0.6426735218509005,-1.4021669853409913,9,1|2|3|4|5|6|7|8|9,price_return_pct=ABOVE|price_min_return_pct=ABOVE|oi_return_pct=ABOVE|execution_rank_median=ABOVE|execution_rank_last=ABOVE|execution_decay=ABOVE,-0.6953284435604585,1.9841646970992817,True
FULL_FUEL_RETENTION_CONTEXT,10,60,COMPLETE,TLM_POST_IGNITION_FUEL_RETENTION,-0.2439659116906886,-0.2623278614506402,0.43882978723404253,0.35471698113207545,0.6818181818181818,0.39705882352941174,2026-07-17T08:30:00+00:00,,2.1023726005638954,-0.27887292560552224,positive_oi_fraction=BELOW|taker_imbalance_median=BELOW,0.5,0.75,-1.285347043701801,-2.1341463414634054,-1.285347043701801,-1.9757807520713877,9,1|2|3|4|5|6|7|8|9,price_return_pct=ABOVE|price_min_return_pct=ABOVE|oi_return_pct=ABOVE|execution_rank_median=ABOVE|execution_rank_last=ABOVE|execution_decay=ABOVE,-1.7672797378446026,-0.7355381908678534,True
IGNITION_SNAPSHOT_ONLY,11,0,COMPLETE,UNRESOLVED,0.0,0.0,0.7451820128479657,0.6316464979831317,0.7451820128479657,0.6316464979831317,2026-07-18T08:15:00+00:00,post-ignition sequence,0.0,0.0,,,,0.0,0.0,0.0,0.0,10,1|2|3|4|5|6|7|8|9|10,ignition proposal frozen,-4.232357561746946,5.016577485748639,True
TRANSIENT_FAILURE_CONTEXT,11,15,COMPLETE,TLM_TRANSIENT_EXECUTION_SPIKE,-0.15330167096762382,-0.023760581644064194,0.5918803418803419,0.511917883714522,0.6685311773641538,0.5343382865855508,2026-07-18T08:15:00+00:00,,-0.07049384954922466,0.3265958586408102,price_return_pct=BELOW|price_min_return_pct=BELOW|oi_return_pct=BELOW|positive_oi_fraction=BELOW|execution_decay=BELOW|taker_imbalance_median=BELOW,0.0,1.0,-0.6056018168054456,-0.42682926829267775,-0.6056018168054456,-0.42682926829267775,10,1|2|3|4|5|6|7|8|9|10,execution_rank_median=ABOVE|execution_rank_last=ABOVE,-12.27290198131167,2.754239604164331,True
TRANSIENT_FAILURE_CONTEXT,11,30,COMPLETE,TLM_TRANSIENT_EXECUTION_SPIKE,-0.2185295608223794,-0.018355830308529934,0.5266524520255863,0.4973958333333333,0.5918803418803419,0.6312082574377657,2026-07-18T08:15:00+00:00,,0.10077394069676338,0.4047723509123524,price_return_pct=BELOW|price_min_return_pct=BELOW|oi_return_pct=BELOW|execution_rank_median=BELOW|execution_decay=BELOW|taker_imbalance_median=BELOW,0.5,0.5,-1.5897047691143085,-1.399095425679775,-1.5897047691143085,-1.032431500407549,10,1|2|3|4|5|6|7|8|9|10,execution_rank_last=ABOVE,-20.313446400876394,1.2576539564323634,True
MIXED_CONTEXT,11,45,COMPLETE,NEW_UNIDENTIFIED_STRUCTURE,-0.011139459656476336,-0.23458767445371992,0.7340425531914894,0.34108527131782945,0.6629614475359156,0.505197187036073,2026-07-18T08:15:00+00:00,,0.41459404640007413,0.33535062137770577,price_return_pct=BELOW|price_min_return_pct=BELOW|taker_imbalance_median=BELOW,0.6666666666666666,0.6666666666666666,-2.4224072672217933,-1.7113199334670204,-2.4224072672217933,-1.022420253595946,10,1|2|3|4|5|6|7|8|9|10,oi_return_pct=ABOVE|execution_rank_median=ABOVE|execution_rank_last=ABOVE|execution_decay=ABOVE,-16.169608401522016,1.752481909880947,True
MIXED_CONTEXT,11,60,COMPLETE,NEW_UNIDENTIFIED_STRUCTURE,-0.12947076019403791,-0.2598878080041107,0.6157112526539278,0.36302624300903447,0.6157112526539278,0.42509191176470584,2026-07-18T08:15:00+00:00,,1.4986402110731545,0.09817568641286578,price_return_pct=BELOW|price_min_return_pct=BELOW|taker_imbalance_median=BELOW,0.75,0.625,-2.4224072672217933,-2.0549635467673966,-2.2710068130204264,-1.6305638978865944,10,1|2|3|4|5|6|7|8|9|10,oi_return_pct=ABOVE|positive_oi_fraction=ABOVE|execution_rank_median=ABOVE|execution_rank_last=ABOVE|execution_decay=ABOVE,-12.025770402167636,-0.9626806142644562,True
IGNITION_SNAPSHOT_ONLY,12,0,COMPLETE,UNRESOLVED,0.0,0.0,0.7824267782426778,0.6336633663366337,0.7824267782426778,0.6336633663366337,2026-07-18T11:00:00+00:00,post-ignition sequence,0.0,0.0,,,,0.0,0.0,0.0,0.0,11,1|2|3|4|5|6|7|8|9|10|11,ignition proposal frozen,17.832520503687032,4.624548286813565,True
MIXED_CONTEXT,12,15,COMPLETE,NEW_UNIDENTIFIED_STRUCTURE,0.008804954533940146,-0.039777983348751156,0.791231732776618,0.5526315789473685,0.7868292555096479,0.5931474726420011,2026-07-18T11:00:00+00:00,,-1.5189092942429316,0.15134678087038722,oi_return_pct=BELOW|positive_oi_fraction=BELOW,0.0,1.0,0.0,-0.6056018168054456,2.965779467680596,-0.6056018168054456,11,1|2|3|4|5|6|7|8|9|10|11,price_return_pct=ABOVE|price_min_return_pct=ABOVE|execution_rank_median=ABOVE|execution_rank_last=ABOVE|execution_decay=ABOVE|taker_imbalance_median=ABOVE,17.87417271315369,2.537015007419916,True
MIXED_CONTEXT,12,30,COMPLETE,NEW_UNIDENTIFIED_STRUCTURE,0.007156555090655492,-0.02582236842105262,0.7895833333333333,0.5266524520255863,0.7895833333333333,0.6296296296296297,2026-07-18T11:00:00+00:00,,-3.054326057871093,0.18440197660680724,oi_return_pct=BELOW|positive_oi_fraction=BELOW,0.0,0.5,0.0,-1.5897047691143085,5.627376425855513,-1.0365853658536484,11,1|2|3|4|5|6|7|8|9|10|11,price_return_pct=ABOVE|price_min_return_pct=ABOVE|execution_rank_median=ABOVE|execution_rank_last=ABOVE|execution_decay=ABOVE|taker_imbalance_median=ABOVE,17.915824922620345,0.37662285072368545,True
SHORT_COVERING_CONTEXT,12,45,COMPLETE,TLM_SHORT_COVERING_ONLY,-0.004880000695900222,-0.1728790526111435,0.7775467775467776,0.3488372093023256,0.7860050557880056,0.5289128925906645,2026-07-18T11:00:00+00:00,,-2.694228351021344,0.3694754403051448,oi_return_pct=BELOW|positive_oi_fraction=BELOW,0.3333333333333333,0.6666666666666666,0.0,-1.8292682926829174,2.433460076045635,-1.4021669853409913,11,1|2|3|4|5|6|7|8|9|10|11,price_return_pct=ABOVE|price_min_return_pct=ABOVE|execution_rank_median=ABOVE|execution_rank_last=ABOVE|execution_decay=ABOVE|taker_imbalance_median=ABOVE,17.87417271315369,1.520799122662612,True
SHORT_COVERING_CONTEXT,12,60,COMPLETE,TLM_SHORT_COVERING_ONLY,-0.01271723467421304,-0.2574477545575812,0.7697095435684648,0.3713355048859935,0.7824267782426778,0.453125,2026-07-18T11:00:00+00:00,,-3.4056575953718804,0.4752242984312538,oi_return_pct=BELOW|positive_oi_fraction=BELOW,0.25,0.75,0.0,-2.1341463414634054,3.650190114068441,-1.9757807520713877,11,1|2|3|4|5|6|7|8|9|10|11,price_return_pct=ABOVE|price_min_return_pct=ABOVE|execution_rank_median=ABOVE|execution_rank_last=ABOVE|execution_decay=ABOVE|taker_imbalance_median=ABOVE,17.832520503687032,-1.189823037661059,True
IGNITION_SNAPSHOT_ONLY,13,0,COMPLETE,UNRESOLVED,0.0,0.0,0.791015625,0.6481926299138789,0.791015625,0.6481926299138789,2026-07-18T19:30:00+00:00,post-ignition sequence,0.0,0.0,,,,0.0,0.0,0.0,0.0,12,1|2|3|4|5|6|7|8|9|10|11|12,ignition proposal frozen,18.852860508689055,5.016577485748639,True
FULL_FUEL_RETENTION_CONTEXT,13,15,COMPLETE,TLM_POST_IGNITION_FUEL_RETENTION,0.01405260112085771,-0.023760581644064194,0.8050682261208577,0.5722559604138552,0.7980419255604289,0.627445950106761,2026-07-18T19:30:00+00:00,,0.22642666026626568,0.04042646566058128,,1.0,0.5,0.0,-0.3028009084027228,2.3880597014925398,-0.3028009084027228,12,1|2|3|4|5|6|7|8|9|10|11|12,price_return_pct=ABOVE|price_min_return_pct=ABOVE|oi_return_pct=ABOVE|positive_oi_fraction=ABOVE|execution_rank_median=ABOVE|execution_rank_last=ABOVE|execution_decay=ABOVE|taker_imbalance_median=ABOVE,11.251317323205942,2.754239604164331,True
FULL_FUEL_RETENTION_CONTEXT,13,30,COMPLETE,TLM_POST_IGNITION_FUEL_RETENTION,0.016377371108949434,-0.018355830308529934,0.8073929961089494,0.5341595593461265,0.8050682261208577,0.6312082574377657,2026-07-18T19:30:00+00:00,,1.1112103356955005,0.1425879586517853,,1.0,0.5,0.0,-1.3972620231113675,3.5074626865671643,-1.032431500407549,12,1|2|3|4|5|6|7|8|9|10|11|12,price_return_pct=ABOVE|price_min_return_pct=ABOVE|oi_return_pct=ABOVE|positive_oi_fraction=ABOVE|execution_rank_median=ABOVE|execution_rank_last=ABOVE|execution_decay=ABOVE|taker_imbalance_median=ABOVE,3.649774137722829,1.2576539564323634,True
FULL_FUEL_RETENTION_CONTEXT,13,45,COMPLETE,TLM_POST_IGNITION_FUEL_RETENTION,0.0012173847087378897,-0.14974740740728978,0.7922330097087379,0.3505844077599711,0.7986506179147979,0.5608110623436497,2026-07-18T19:30:00+00:00,,1.4016390155428882,0.33535062137770577,taker_imbalance_median=BELOW,1.0,0.6666666666666666,0.0,-1.7113199334670204,0.6716417910447747,-1.022420253595946,12,1|2|3|4|5|6|7|8|9|10|11|12,price_return_pct=ABOVE|price_min_return_pct=ABOVE|oi_return_pct=ABOVE|positive_oi_fraction=ABOVE|execution_rank_median=ABOVE|execution_rank_last=ABOVE|execution_decay=ABOVE,1.275086528607077,1.752481909880947,True
FULL_FUEL_RETENTION_CONTEXT,13,60,COMPLETE,TLM_POST_IGNITION_FUEL_RETENTION,-0.056519500968992276,-0.2507068331241349,0.7344961240310077,0.3742642436710669,0.7922330097087379,0.4973958333333333,2026-07-18T19:30:00+00:00,,1.1359238674261363,0.09817568641286578,,0.75,0.625,0.0,-2.0549635467673966,0.9701492537313339,-1.6305638978865944,12,1|2|3|4|5|6|7|8|9|10|11|12,price_return_pct=ABOVE|price_min_return_pct=ABOVE|oi_return_pct=ABOVE|positive_oi_fraction=ABOVE|execution_rank_median=ABOVE|execution_rank_last=ABOVE|execution_decay=ABOVE|taker_imbalance_median=ABOVE,3.649774137722829,-0.9626806142644562,True
