adverse_before_future_max,bars_to_future_max,bias,close,confidence,future_max_return,future_max_time,is_signal,ls_divergence,oi_read,pattern,price_acceptance,quote_volume_validation,readiness,time,trades_read,trigger_status
-0.08217717,24,,2.14646,,1.536679,2026-04-12 21:00:00 UTC,False,,,,,,,2026-04-11 21:00:00 UTC,,
-0.09947479,23,,2.18769,,1.48887182,2026-04-12 21:00:00 UTC,False,,,,,,,2026-04-11 22:00:00 UTC,,
-0.0918658,24,,2.16936,,1.75232327,2026-04-12 23:00:00 UTC,False,,,,,,,2026-04-11 23:00:00 UTC,,
-0.05394257,23,,2.0824,,1.86725893,2026-04-12 23:00:00 UTC,False,,,,,,,2026-04-12 00:00:00 UTC,,
-0.05877884,22,,2.0931,,1.8526014,2026-04-12 23:00:00 UTC,False,,,,,,,2026-04-12 01:00:00 UTC,,
-0.06041731,21,,2.09675,,1.84763563,2026-04-12 23:00:00 UTC,False,,,,,,,2026-04-12 02:00:00 UTC,,
-0.04881758,20,,2.07118,,1.88279145,2026-04-12 23:00:00 UTC,False,,,,,,,2026-04-12 03:00:00 UTC,,
-0.03241064,24,,2.03606,,2.06952153,2026-04-13 04:00:00 UTC,False,,,,,,,2026-04-12 04:00:00 UTC,,
0.0,23,,1.97007,,2.17233905,2026-04-13 04:00:00 UTC,False,,,,,,,2026-04-12 05:00:00 UTC,,
-0.10179174,24,,2.77272,,1.43208835,2026-04-13 06:00:00 UTC,False,,,,,,,2026-04-12 06:00:00 UTC,,
-0.12407588,24,,2.84326,,2.28681865,2026-04-13 07:00:00 UTC,False,,,,,,,2026-04-12 07:00:00 UTC,,
-0.10015609,23,,2.76768,,2.37657533,2026-04-13 07:00:00 UTC,False,,,,,,,2026-04-12 08:00:00 UTC,,
0.0,22,,2.49048,,2.75240114,2026-04-13 07:00:00 UTC,False,,,,,,,2026-04-12 09:00:00 UTC,,
0.0,21,,2.52605,,2.69956256,2026-04-13 07:00:00 UTC,False,,,,,,,2026-04-12 10:00:00 UTC,,
0.0,20,,2.54719,,2.66885862,2026-04-13 07:00:00 UTC,False,,,,,,,2026-04-12 11:00:00 UTC,,
-0.00750822,24,,2.73567,,2.5285579,2026-04-13 12:00:00 UTC,False,,,,,,,2026-04-12 12:00:00 UTC,,
0.0,24,,2.71513,,2.56520682,2026-04-13 13:00:00 UTC,False,,,,,,,2026-04-12 13:00:00 UTC,,
0.0,23,,2.85879,,2.38604794,2026-04-13 13:00:00 UTC,False,,,,,,,2026-04-12 14:00:00 UTC,,
0.0,22,,3.07215,,2.15088781,2026-04-13 13:00:00 UTC,False,,,,,,,2026-04-12 15:00:00 UTC,,
0.0,24,,3.17048,,2.54756693,2026-04-13 16:00:00 UTC,False,,,,,,,2026-04-12 16:00:00 UTC,,
-0.02771717,23,,3.9048,,1.88042665,2026-04-13 16:00:00 UTC,False,,,,,,,2026-04-12 17:00:00 UTC,,
0.0,24,,3.79657,,2.0218276,2026-04-13 18:00:00 UTC,False,,,,,,,2026-04-12 18:00:00 UTC,,
0.0,24,,4.39336,,1.81121055,2026-04-13 19:00:00 UTC,False,,,,,,,2026-04-12 19:00:00 UTC,,
0.0,23,,4.89066,,1.5253565,2026-04-13 19:00:00 UTC,False,,,,,,,2026-04-12 20:00:00 UTC,,
-0.02247432,22,,5.44488,,1.26830711,2026-04-13 19:00:00 UTC,False,,,,,,,2026-04-12 21:00:00 UTC,,
0.0,21,,5.32251,,1.32045783,2026-04-13 19:00:00 UTC,False,,,,,,,2026-04-12 22:00:00 UTC,,
-0.06498648,20,,5.97078,,1.06851701,2026-04-13 19:00:00 UTC,False,,,,,,,2026-04-12 23:00:00 UTC,,
-0.05518831,19,,5.90886,,1.09019337,2026-04-13 19:00:00 UTC,False,,,,,,,2026-04-13 00:00:00 UTC,,
0.0,18,,5.58276,,1.21228568,2026-04-13 19:00:00 UTC,False,,,,,,,2026-04-13 01:00:00 UTC,,
0.0,17,Neutral / Unclear,5.69802,Medium,1.16753539,2026-04-13 19:00:00 UTC,False,Mixed L/S Structure,OI Deleveraging After Pump,Mixed Structure,Accepted Breakout,Quote Volume غير متوفر: استخدم Trades كبديل ولا ترفع الثقة إلى High إلا بتأكيد OI والسعر,Accepted Structure,2026-04-13 02:00:00 UTC,Trades هادئة,Confirmed Trigger
0.0,16,Distribution Risk,5.84027,Medium,1.11474127,2026-04-13 19:00:00 UTC,False,Long Consensus,OI Deleveraging After Pump,Failed Base Ignition,Controlled Pullback,Quote Volume غير متوفر: استخدم Trades كبديل ولا ترفع الثقة إلى High إلا بتأكيد OI والسعر,Failed / Invalidated,2026-04-13 03:00:00 UTC,Trades هادئة,Trigger Candidate
-0.0091508,15,Distribution Risk,6.24973,Medium,0.97619097,2026-04-13 19:00:00 UTC,False,Account Count Without Size,OI هابط تدريجي,Bull Trap Risk,Accepted Breakout,Quote Volume غير متوفر: استخدم Trades كبديل ولا ترفع الثقة إلى High إلا بتأكيد OI والسعر,Failed / Invalidated,2026-04-13 04:00:00 UTC,Trades هادئة,Confirmed Trigger
0.0,14,Distribution Risk,6.19254,Medium,0.9944417,2026-04-13 19:00:00 UTC,False,Crowd Chasing / Large Position Caution,OI هابط تدريجي,Bull Trap Risk,No Trigger / Base Holding,Quote Volume غير متوفر: استخدم Trades كبديل ولا ترفع الثقة إلى High إلا بتأكيد OI والسعر,Failed / Invalidated,2026-04-13 05:00:00 UTC,Trades هادئة,No Trigger
0.0,13,Early Bullish Structure,6.7435,Medium,0.83149107,2026-04-13 19:00:00 UTC,False,Mixed L/S Structure,Delayed Constructive OI Reload After Reset,Absorption After Flush,Accepted Breakout,Quote Volume غير متوفر: استخدم Trades كبديل ولا ترفع الثقة إلى High إلا بتأكيد OI والسعر,Primed Structure,2026-04-13 06:00:00 UTC,Trades هادئة,No Trigger
-0.07175601,12,Neutral / Unclear,9.34528,Medium,0.32159336,2026-04-13 19:00:00 UTC,False,Mixed L/S Structure,OI هابط تدريجي,Mixed Structure,Accepted Breakout,Quote Volume غير متوفر: استخدم Trades كبديل ولا ترفع الثقة إلى High إلا بتأكيد OI والسعر,Accepted Structure,2026-04-13 07:00:00 UTC,Trades / Quote Vacuum Ignition من Base بدون Reset,Confirmed Trigger
-0.16610632,24,Neutral / Unclear,8.73561,Medium,0.45951113,2026-04-14 08:00:00 UTC,False,Long Consensus,OI Flush,Mixed Structure,No Clear Acceptance,Quote Volume غير متوفر: استخدم Trades كبديل ولا ترفع الثقة إلى High إلا بتأكيد OI والسعر,Late / Risk State,2026-04-13 08:00:00 UTC,Trades صحية تدريجية,Trigger Candidate
-0.16025107,24,Neutral / Unclear,8.6747,Medium,0.56044589,2026-04-14 09:00:00 UTC,False,Crowd Chasing / Large Position Caution,OI هابط تدريجي,Mixed Structure,No Clear Acceptance,Quote Volume غير متوفر: استخدم Trades كبديل ولا ترفع الثقة إلى High إلا بتأكيد OI والسعر,Late / Risk State,2026-04-13 09:00:00 UTC,Trades صحية تدريجية,Trigger Candidate
-0.17736346,24,Neutral / Unclear,8.85515,Medium,0.60103781,2026-04-14 10:00:00 UTC,False,Long Consensus,OI Deleveraging After Pump,Mixed Structure,No Clear Acceptance,Quote Volume غير متوفر: استخدم Trades كبديل ولا ترفع الثقة إلى High إلا بتأكيد OI والسعر,Late / Risk State,2026-04-13 10:00:00 UTC,Trades هادئة,Trigger Candidate
-0.17557032,24,Neutral / Unclear,8.83589,Medium,0.67415507,2026-04-14 11:00:00 UTC,False,Short Pressure Against Stable Big Positions,OI هابط تدريجي,Mixed Structure,Pre-OI Accepted Move After Reset,Quote Volume غير متوفر: استخدم Trades كبديل ولا ترفع الثقة إلى High إلا بتأكيد OI والسعر,Late / Risk State,2026-04-13 11:00:00 UTC,Trades هادئة,Trigger Candidate
-0.24535454,23,Bullish but Late,9.65297,Medium,0.53244545,2026-04-14 11:00:00 UTC,False,Mixed L/S Structure,OI ثابت,Absorption After Flush,Pre-OI Accepted Move After Reset,Quote Volume غير متوفر: استخدم Trades كبديل ولا ترفع الثقة إلى High إلا بتأكيد OI والسعر,Late / Risk State,2026-04-13 12:00:00 UTC,Trades هادئة,Trigger Candidate
-0.24746178,22,Bullish but Late,9.68,Medium,0.52816632,2026-04-14 11:00:00 UTC,False,Long Consensus,Delayed Constructive OI Reload After Reset,Absorption After Flush,Pre-OI Accepted Move After Reset,Quote Volume غير متوفر: استخدم Trades كبديل ولا ترفع الثقة إلى High إلا بتأكيد OI والسعر,Late / Risk State,2026-04-13 13:00:00 UTC,Trades هادئة,Trigger Candidate
-0.21378531,21,Distribution Risk,9.26537,Medium,0.59655254,2026-04-14 11:00:00 UTC,False,Long Consensus,OI هابط تدريجي,Failed Base Vacuum Ignition,Controlled Pullback,Quote Volume غير متوفر: استخدم Trades كبديل ولا ترفع الثقة إلى High إلا بتأكيد OI والسعر,Failed / Invalidated,2026-04-13 14:00:00 UTC,Trades هادئة,Trigger Candidate
-0.23086824,20,Distribution Risk,9.47116,Medium,0.56186254,2026-04-14 11:00:00 UTC,False,Long Consensus,OI Deleveraging After Pump,Failed Base Ignition,Controlled Pullback,Quote Volume غير متوفر: استخدم Trades كبديل ولا ترفع الثقة إلى High إلا بتأكيد OI والسعر,Failed / Invalidated,2026-04-13 15:00:00 UTC,Trades هادئة,Trigger Candidate
-0.35233817,19,Bullish but Event-driven,11.24749,Medium,0.31519566,2026-04-14 11:00:00 UTC,True,Top-side Accumulation Against Crowd,OI هابط تدريجي,Short Squeeze / Live Ignition,Accepted Breakout,Quote Volume غير متوفر: استخدم Trades كبديل ولا ترفع الثقة إلى High إلا بتأكيد OI والسعر,Accepted Structure,2026-04-13 16:00:00 UTC,Trades إشعال من Base بدون Reset,Confirmed Trigger
-0.34921137,24,Distribution Risk,11.19345,Medium,0.35549183,2026-04-14 17:00:00 UTC,False,Mixed L/S Structure,OI هابط تدريجي,Failed Base Vacuum Ignition,Controlled Pullback,Quote Volume غير متوفر: استخدم Trades كبديل ولا ترفع الثقة إلى High إلا بتأكيد OI والسعر,Failed / Invalidated,2026-04-13 17:00:00 UTC,Trades هادئة,Trigger Candidate
-0.36504518,23,Neutral / Unclear,11.47258,Medium,0.32251246,2026-04-14 17:00:00 UTC,False,Long Consensus,OI هابط تدريجي,Mixed Structure,Accepted Breakout,Quote Volume غير متوفر: استخدم Trades كبديل ولا ترفع الثقة إلى High إلا بتأكيد OI والسعر,Accepted Structure,2026-04-13 18:00:00 UTC,Trades / Quote Vacuum Ignition من Base بدون Reset,Confirmed Trigger
-0.4101878,22,Neutral / Unclear,12.35066,Medium,0.22848738,2026-04-14 17:00:00 UTC,False,Long Consensus,OI Flush,Mixed Structure,Accepted Breakout,Quote Volume غير متوفر: استخدم Trades كبديل ولا ترفع الثقة إلى High إلا بتأكيد OI والسعر,Accepted Structure,2026-04-13 19:00:00 UTC,Trades هادئة,Confirmed Trigger
-0.12697431,24,Distribution Risk,8.34405,Medium,0.82250945,2026-04-14 20:00:00 UTC,False,Long Consensus,OI هابط تدريجي,Failed Base Ignition,Structure Invalidated,Quote Volume غير متوفر: استخدم Trades كبديل ولا ترفع الثقة إلى High إلا بتأكيد OI والسعر,Failed / Invalidated,2026-04-13 20:00:00 UTC,Trades تنظيف,Failed Trigger
-0.31659959,23,Distribution Risk,10.6593,Medium,0.42665184,2026-04-14 20:00:00 UTC,False,Short Pressure Against Stable Big Positions,OI Deleveraging After Pump,Failed Base Ignition,Controlled Pullback,Quote Volume غير متوفر: استخدم Trades كبديل ولا ترفع الثقة إلى High إلا بتأكيد OI والسعر,Failed / Invalidated,2026-04-13 21:00:00 UTC,Trades / Quote Vacuum Ignition من Base بدون Reset,Trigger Candidate
-0.21160103,24,Distribution Risk,9.2397,Medium,0.66969382,2026-04-14 22:00:00 UTC,False,Short Pressure Against Stable Big Positions,OI Deleveraging After Pump,Failed Base Ignition,Controlled Pullback,Quote Volume غير متوفر: استخدم Trades كبديل ولا ترفع الثقة إلى High إلا بتأكيد OI والسعر,Failed / Invalidated,2026-04-13 22:00:00 UTC,Trades هادئة,Trigger Candidate
-0.09336468,24,Distribution Risk,8.03473,Low,0.96650416,2026-04-14 23:00:00 UTC,False,Broad Risk-Off / Position Reduction,OI هابط تدريجي,Failed Base Ignition,Structure Invalidated,Quote Volume غير متوفر: استخدم Trades كبديل ولا ترفع الثقة إلى High إلا بتأكيد OI والسعر,Failed / Invalidated,2026-04-13 23:00:00 UTC,Trades صحية تدريجية,Failed Trigger
0.0,24,Distribution Risk,7.28457,Low,1.43184704,2026-04-15 00:00:00 UTC,False,Broad Risk-Off / Position Reduction,OI صاعد تدريجي,Failed Base Ignition,Structure Invalidated,Quote Volume غير متوفر: استخدم Trades كبديل ولا ترفع الثقة إلى High إلا بتأكيد OI والسعر,Failed / Invalidated,2026-04-14 00:00:00 UTC,Trades صحية تدريجية,Failed Trigger
-0.02662646,24,Distribution Risk,8.12162,Medium,1.18808686,2026-04-15 01:00:00 UTC,False,Top-side Accumulation Against Crowd,OI صاعد تدريجي,Failed Base Ignition,Controlled Pullback,Quote Volume غير متوفر: استخدم Trades كبديل ولا ترفع الثقة إلى High إلا بتأكيد OI والسعر,Failed / Invalidated,2026-04-14 01:00:00 UTC,Trades هادئة,Trigger Candidate
0.0,23,Distribution Risk,7.90537,Medium,1.24794159,2026-04-15 01:00:00 UTC,False,Long Consensus,OI صاعد تدريجي,Failed Base Ignition,Controlled Pullback,Quote Volume غير متوفر: استخدم Trades كبديل ولا ترفع الثقة إلى High إلا بتأكيد OI والسعر,Failed / Invalidated,2026-04-14 02:00:00 UTC,Trades هادئة,Trigger Candidate
0.0,22,Bearish Structural Risk,9.3661,Medium,0.89735429,2026-04-15 01:00:00 UTC,False,Crowd Chasing / Large Position Caution,OI هابط تدريجي,Liquidity Exit / Decay,No Trigger / Base Holding,Quote Volume غير متوفر: استخدم Trades كبديل ولا ترفع الثقة إلى High إلا بتأكيد OI والسعر,Watchlist Only,2026-04-14 03:00:00 UTC,Trades هادئة,No Trigger
0.0,21,Neutral / Unclear,10.89161,Medium,0.63160543,2026-04-15 01:00:00 UTC,False,Crowd Chasing / Large Position Caution,OI هابط تدريجي,Mixed Structure,Accepted Breakout,Quote Volume غير متوفر: استخدم Trades كبديل ولا ترفع الثقة إلى High إلا بتأكيد OI والسعر,Primed Structure,2026-04-14 04:00:00 UTC,Trades هادئة,No Trigger
-0.038592,20,Neutral / Unclear,11.37956,Medium,0.56164298,2026-04-15 01:00:00 UTC,False,Crowd Chasing / Large Position Caution,OI هابط تدريجي,Mixed Structure,Pre-OI Accepted Move From Base,Quote Volume غير متوفر: استخدم Trades كبديل ولا ترفع الثقة إلى High إلا بتأكيد OI والسعر,Primed Structure,2026-04-14 05:00:00 UTC,Trades هادئة,No Trigger
0.0,19,Distribution Risk,10.9404,Medium,0.62432909,2026-04-15 01:00:00 UTC,False,Crowd Chasing / Large Position Caution,Price-led Base Move Without OI Expansion,Bull Trap Risk,No Trigger / Base Holding,Quote Volume غير متوفر: استخدم Trades كبديل ولا ترفع الثقة إلى High إلا بتأكيد OI والسعر,Failed / Invalidated,2026-04-14 06:00:00 UTC,Trades هادئة,No Trigger
0.0,18,Distribution Risk,11.11399,Medium,0.59895861,2026-04-15 01:00:00 UTC,False,Broad Risk-Off / Position Reduction,Price-led Base Move Without OI Expansion,Bull Trap Risk,No Trigger / Base Holding,Quote Volume غير متوفر: استخدم Trades كبديل ولا ترفع الثقة إلى High إلا بتأكيد OI والسعر,Failed / Invalidated,2026-04-14 07:00:00 UTC,Trades هادئة,No Trigger
0.0,17,Distribution Risk,12.74972,Medium,0.39381963,2026-04-15 01:00:00 UTC,False,Broad Risk-Off / Position Reduction,Delayed Constructive OI Reload From Base,Bull Trap Risk,Accepted Breakout,Quote Volume غير متوفر: استخدم Trades كبديل ولا ترفع الثقة إلى High إلا بتأكيد OI والسعر,Failed / Invalidated,2026-04-14 08:00:00 UTC,Trades هادئة,No Trigger
-0.03430528,16,Neutral / Unclear,13.5364,Medium,0.31281655,2026-04-15 01:00:00 UTC,False,Short Pressure Against Stable Big Positions,OI ثابت,Mixed Structure,Accepted Breakout,Quote Volume غير متوفر: استخدم Trades كبديل ولا ترفع الثقة إلى High إلا بتأكيد OI والسعر,Primed Structure,2026-04-14 09:00:00 UTC,Trades هادئة,No Trigger
-0.077969,15,Neutral / Unclear,14.17743,Medium,0.25345778,2026-04-15 01:00:00 UTC,False,Mixed L/S Structure,OI هابط تدريجي,Mixed Structure,Accepted Breakout,Quote Volume غير متوفر: استخدم Trades كبديل ولا ترفع الثقة إلى High إلا بتأكيد OI والسعر,Primed Structure,2026-04-14 10:00:00 UTC,Trades هادئة,No Trigger
-0.11631587,14,Neutral / Unclear,14.79265,Medium,0.20132701,2026-04-15 01:00:00 UTC,False,Long Consensus,OI هابط تدريجي,Mixed Structure,Accepted Breakout,Quote Volume غير متوفر: استخدم Trades كبديل ولا ترفع الثقة إلى High إلا بتأكيد OI والسعر,Primed Structure,2026-04-14 11:00:00 UTC,Trades هادئة,No Trigger
-0.10171328,13,Neutral / Unclear,14.55218,Medium,0.22117855,2026-04-15 01:00:00 UTC,False,Long Consensus,OI هابط تدريجي,Mixed Structure,No Trigger / Base Holding,Quote Volume غير متوفر: استخدم Trades كبديل ولا ترفع الثقة إلى High إلا بتأكيد OI والسعر,Primed Structure,2026-04-14 12:00:00 UTC,Trades صحية تدريجية,No Trigger
-0.04752179,12,Neutral / Unclear,13.72423,Low,0.29484933,2026-04-15 01:00:00 UTC,False,Mixed L/S Structure,OI Deleveraging After Pump,Mixed Structure,No Trigger / Base Holding,Quote Volume غير متوفر: استخدم Trades كبديل ولا ترفع الثقة إلى High إلا بتأكيد OI والسعر,Primed Structure,2026-04-14 13:00:00 UTC,Trades هادئة,No Trigger
-0.01762809,11,Neutral / Unclear,13.3066,Medium,0.3354884,2026-04-15 01:00:00 UTC,False,Crowd Chasing / Large Position Caution,OI Deleveraging After Pump,Mixed Structure,No Trigger / Base Holding,Quote Volume غير متوفر: استخدم Trades كبديل ولا ترفع الثقة إلى High إلا بتأكيد OI والسعر,Primed Structure,2026-04-14 14:00:00 UTC,Trades هادئة,No Trigger
0.0,10,Distribution Risk,13.07203,Medium,0.35945297,2026-04-15 01:00:00 UTC,False,Long Consensus,OI Deleveraging After Pump,Failed Base Ignition,Structure Invalidated,Quote Volume غير متوفر: استخدم Trades كبديل ولا ترفع الثقة إلى High إلا بتأكيد OI والسعر,Failed / Invalidated,2026-04-14 15:00:00 UTC,Trades هادئة,No Trigger
0.0,9,Neutral / Unclear,13.18154,Medium,0.34815886,2026-04-15 01:00:00 UTC,False,Mixed L/S Structure,OI Deleveraging After Pump,Mixed Structure,No Trigger / Base Holding,Quote Volume غير متوفر: استخدم Trades كبديل ولا ترفع الثقة إلى High إلا بتأكيد OI والسعر,Primed Structure,2026-04-14 16:00:00 UTC,Trades هادئة,No Trigger
-0.03522395,8,Neutral / Unclear,15.17263,Medium,0.17124124,2026-04-15 01:00:00 UTC,False,Crowd Chasing / Large Position Caution,OI هابط تدريجي,Mixed Structure,Accepted Breakout,Quote Volume غير متوفر: استخدم Trades كبديل ولا ترفع الثقة إلى High إلا بتأكيد OI والسعر,Accepted Structure,2026-04-14 17:00:00 UTC,Trades / Quote Vacuum Ignition من Base بدون Reset,Confirmed Trigger
-0.01004884,7,Distribution Risk,14.78678,Medium,0.20180391,2026-04-15 01:00:00 UTC,False,Short Pressure Against Stable Big Positions,OI هابط تدريجي,Failed Base Vacuum Ignition,Controlled Pullback,Quote Volume غير متوفر: استخدم Trades كبديل ولا ترفع الثقة إلى High إلا بتأكيد OI والسعر,Failed / Invalidated,2026-04-14 18:00:00 UTC,Trades هادئة,Trigger Candidate
0.0,6,Distribution Risk,14.63819,Medium,0.21400323,2026-04-15 01:00:00 UTC,False,Broad Risk-Off / Position Reduction,Price-led Base Move Without OI Expansion,Failed Base Vacuum Ignition,Controlled Pullback,Quote Volume غير متوفر: استخدم Trades كبديل ولا ترفع الثقة إلى High إلا بتأكيد OI والسعر,Failed / Invalidated,2026-04-14 19:00:00 UTC,Trades هادئة,Trigger Candidate
-0.01717092,5,Neutral / Unclear,15.20711,Medium,0.16858562,2026-04-15 01:00:00 UTC,False,Short Pressure Against Stable Big Positions,Price-led Base Move Without OI Expansion,Mixed Structure,Pre-OI / No-OI Accepted Move From Base,Quote Volume غير متوفر: استخدم Trades كبديل ولا ترفع الثقة إلى High إلا بتأكيد OI والسعر,Accepted Structure,2026-04-14 20:00:00 UTC,Trades هادئة,Confirmed Trigger
0.0,4,Distribution Risk,14.94599,Medium,0.18900187,2026-04-15 01:00:00 UTC,False,Broad Risk-Off / Position Reduction,OI هابط تدريجي,Failed Base Vacuum Ignition,Controlled Pullback,Quote Volume غير متوفر: استخدم Trades كبديل ولا ترفع الثقة إلى High إلا بتأكيد OI والسعر,Failed / Invalidated,2026-04-14 21:00:00 UTC,Trades هادئة,Trigger Candidate
0.0,3,Distribution Risk,15.42747,Medium,0.15189399,2026-04-15 01:00:00 UTC,False,Broad Risk-Off / Position Reduction,OI هابط تدريجي,Bull Trap Risk,Accepted Breakout,Quote Volume غير متوفر: استخدم Trades كبديل ولا ترفع الثقة إلى High إلا بتأكيد OI والسعر,Failed / Invalidated,2026-04-14 22:00:00 UTC,Trades هادئة,Confirmed Trigger
0.0,2,Distribution Risk,15.80033,Medium,0.12471132,2026-04-15 01:00:00 UTC,False,Broad Risk-Off / Position Reduction,OI هابط تدريجي,Bull Trap Risk,Accepted Breakout,Quote Volume غير متوفر: استخدم Trades كبديل ولا ترفع الثقة إلى High إلا بتأكيد OI والسعر,Failed / Invalidated,2026-04-14 23:00:00 UTC,Trades هادئة,Confirmed Trigger
0.0,1,Distribution Risk,17.71496,Medium,0.0031527,2026-04-15 01:00:00 UTC,False,Mixed L/S Structure,OI هابط تدريجي,Bull Trap Risk,Accepted Breakout,Quote Volume غير متوفر: استخدم Trades كبديل ولا ترفع الثقة إلى High إلا بتأكيد OI والسعر,Failed / Invalidated,2026-04-15 00:00:00 UTC,Trades هادئة,Confirmed Trigger
-0.04236779,1,Neutral / Unclear,17.77081,Medium,-0.04236779,2026-04-15 02:00:00 UTC,False,Mixed L/S Structure,OI هابط تدريجي,Mixed Structure,Accepted Breakout,Quote Volume غير متوفر: استخدم Trades كبديل ولا ترفع الثقة إلى High إلا بتأكيد OI والسعر,Accepted Structure,2026-04-15 01:00:00 UTC,Trades هادئة,Confirmed Trigger
-0.07218576,1,Neutral / Unclear,17.0179,Medium,-0.07218576,2026-04-15 03:00:00 UTC,False,Long Consensus,OI هابط تدريجي,Mixed Structure,No Trigger / Base Holding,Quote Volume غير متوفر: استخدم Trades كبديل ولا ترفع الثقة إلى High إلا بتأكيد OI والسعر,Primed Structure,2026-04-15 02:00:00 UTC,Trades هادئة,No Trigger
-0.00803448,1,Neutral / Unclear,15.78945,Low,-0.00803448,2026-04-15 04:00:00 UTC,False,Long Consensus,OI Deleveraging After Pump,Mixed Structure,No Trigger / Base Holding,Quote Volume غير متوفر: استخدم Trades كبديل ولا ترفع الثقة إلى High إلا بتأكيد OI والسعر,Primed Structure,2026-04-15 03:00:00 UTC,Trades هادئة,No Trigger
-0.05983812,1,Neutral / Unclear,15.66259,Medium,-0.05983812,2026-04-15 05:00:00 UTC,False,Long Consensus,OI Deleveraging After Pump,Mixed Structure,No Trigger / Base Holding,Quote Volume غير متوفر: استخدم Trades كبديل ولا ترفع الثقة إلى High إلا بتأكيد OI والسعر,Primed Structure,2026-04-15 04:00:00 UTC,Trades هادئة,No Trigger
-0.1592741,3,Distribution Risk,14.72537,Low,-0.01513442,2026-04-15 08:00:00 UTC,False,Long Consensus,OI صاعد تدريجي,Failed Base Ignition,Structure Invalidated,Quote Volume غير متوفر: استخدم Trades كبديل ولا ترفع الثقة إلى High إلا بتأكيد OI والسعر,Failed / Invalidated,2026-04-15 05:00:00 UTC,Trades هادئة,No Trigger
-0.13436925,2,Distribution Risk,14.30171,Medium,0.01404028,2026-04-15 08:00:00 UTC,False,Long Consensus,OI هابط تدريجي,Failed Base Ignition,Structure Invalidated,Quote Volume غير متوفر: استخدم Trades كبديل ولا ترفع الثقة إلى High إلا بتأكيد OI والسعر,Failed / Invalidated,2026-04-15 06:00:00 UTC,Trades هادئة,No Trigger
0.0,1,Distribution Risk,12.38,Medium,0.17144669,2026-04-15 08:00:00 UTC,False,Long Consensus,OI هابط تدريجي,Failed Base Ignition,Structure Invalidated,Quote Volume غير متوفر: استخدم Trades كبديل ولا ترفع الثقة إلى High إلا بتأكيد OI والسعر,Failed / Invalidated,2026-04-15 07:00:00 UTC,Trades هادئة,No Trigger
-0.0988684,2,Bearish Structural Risk,14.50251,Medium,-0.08716353,2026-04-15 10:00:00 UTC,False,Broad Risk-Off / Position Reduction,OI هابط تدريجي,Liquidity Exit / Decay,No Trigger / Base Holding,Quote Volume غير متوفر: استخدم Trades كبديل ولا ترفع الثقة إلى High إلا بتأكيد OI والسعر,Watchlist Only,2026-04-15 08:00:00 UTC,Trades إشعال من Base بدون Reset,No Trigger
0.0,1,Bearish Structural Risk,13.06867,Medium,0.01298908,2026-04-15 10:00:00 UTC,False,Mixed L/S Structure,OI هابط تدريجي,Liquidity Exit / Decay,No Trigger / Base Holding,Quote Volume غير متوفر: استخدم Trades كبديل ولا ترفع الثقة إلى High إلا بتأكيد OI والسعر,Watchlist Only,2026-04-15 09:00:00 UTC,Trades هادئة,No Trigger
-0.11440942,4,Neutral / Unclear,13.23842,Medium,-0.0170398,2026-04-15 14:00:00 UTC,False,Broad Risk-Off / Position Reduction,Delayed Constructive OI Reload From Base,Mixed Structure,No Trigger / Base Holding,Quote Volume غير متوفر: استخدم Trades كبديل ولا ترفع الثقة إلى High إلا بتأكيد OI والسعر,Early-Live Structure,2026-04-15 10:00:00 UTC,Trades هادئة,No Trigger
-0.04392827,3,Distribution Risk,12.26249,Low,0.06119067,2026-04-15 14:00:00 UTC,False,Long Consensus,OI هابط تدريجي,Failed Base Ignition,Structure Invalidated,Quote Volume غير متوفر: استخدم Trades كبديل ولا ترفع الثقة إلى High إلا بتأكيد OI والسعر,Failed / Invalidated,2026-04-15 11:00:00 UTC,Trades هادئة,No Trigger
-0.02276662,2,Distribution Risk,11.99695,Medium,0.08467902,2026-04-15 14:00:00 UTC,False,Mixed L/S Structure,OI صاعد تدريجي,Failed Base Ignition,Structure Invalidated,Quote Volume غير متوفر: استخدم Trades كبديل ولا ترفع الثقة إلى High إلا بتأكيد OI والسعر,Failed / Invalidated,2026-04-15 12:00:00 UTC,Trades هادئة,No Trigger
0.0,1,Distribution Risk,11.72382,Low,0.10994881,2026-04-15 14:00:00 UTC,False,Mixed L/S Structure,OI صاعد تدريجي,Failed Base Ignition,Structure Invalidated,Quote Volume غير متوفر: استخدم Trades كبديل ولا ترفع الثقة إلى High إلا بتأكيد OI والسعر,Failed / Invalidated,2026-04-15 13:00:00 UTC,Trades هادئة,No Trigger
-0.0616883,1,Neutral / Unclear,13.01284,Medium,-0.0616883,2026-04-15 15:00:00 UTC,False,Broad Risk-Off / Position Reduction,Delayed Constructive OI Reload From Base,Mixed Structure,No Trigger / Base Holding,Quote Volume غير متوفر: استخدم Trades كبديل ولا ترفع الثقة إلى High إلا بتأكيد OI والسعر,Early-Live Structure,2026-04-15 14:00:00 UTC,Trades هادئة,No Trigger
-0.06348187,4,Distribution Risk,12.2101,Medium,-0.0056183,2026-04-15 19:00:00 UTC,False,Mixed L/S Structure,OI هابط تدريجي,Failed Base Vacuum Ignition,Controlled Pullback,Quote Volume غير متوفر: استخدم Trades كبديل ولا ترفع الثقة إلى High إلا بتأكيد OI والسعر,Failed / Invalidated,2026-04-15 15:00:00 UTC,Trades هادئة,Trigger Candidate
0.0,3,Distribution Risk,11.43498,Medium,0.06178585,2026-04-15 19:00:00 UTC,False,Mixed L/S Structure,OI هابط تدريجي,Failed Base Ignition,Structure Invalidated,Quote Volume غير متوفر: استخدم Trades كبديل ولا ترفع الثقة إلى High إلا بتأكيد OI والسعر,Failed / Invalidated,2026-04-15 16:00:00 UTC,Trades هادئة,Failed Trigger
0.0,2,Bearish Structural Risk,11.79,Medium,0.0298134,2026-04-15 19:00:00 UTC,False,Mixed L/S Structure,OI هابط تدريجي,Liquidity Exit / Decay,No Trigger / Base Holding,Quote Volume غير متوفر: استخدم Trades كبديل ولا ترفع الثقة إلى High إلا بتأكيد OI والسعر,Watchlist Only,2026-04-15 17:00:00 UTC,Trades هادئة,No Trigger
0.0,1,Bearish Structural Risk,11.9556,Medium,0.0155492,2026-04-15 19:00:00 UTC,False,Short Pressure Against Stable Big Positions,OI هابط تدريجي,Liquidity Exit / Decay,No Trigger / Base Holding,Quote Volume غير متوفر: استخدم Trades كبديل ولا ترفع الثقة إلى High إلا بتأكيد OI والسعر,Watchlist Only,2026-04-15 18:00:00 UTC,Trades هادئة,No Trigger
-0.01907343,1,Neutral / Unclear,12.1415,Medium,-0.01907343,2026-04-15 20:00:00 UTC,False,No L/S Edge,OI هابط تدريجي,Mixed Structure,No Trigger / Base Holding,Quote Volume غير متوفر: استخدم Trades كبديل ولا ترفع الثقة إلى High إلا بتأكيد OI والسعر,Primed Structure,2026-04-15 19:00:00 UTC,Trades هادئة,No Trigger
-0.02016722,1,Bearish Structural Risk,11.90992,Low,-0.02016722,2026-04-15 21:00:00 UTC,False,Long Consensus,OI هابط تدريجي,Liquidity Exit / Decay,No Trigger / Base Holding,Quote Volume غير متوفر: استخدم Trades كبديل ولا ترفع الثقة إلى High إلا بتأكيد OI والسعر,Watchlist Only,2026-04-15 20:00:00 UTC,Trades هادئة,No Trigger
-0.03516877,1,Bearish Structural Risk,11.66973,Medium,-0.03516877,2026-04-15 22:00:00 UTC,False,Long Consensus,OI هابط تدريجي,Liquidity Exit / Decay,No Trigger / Base Holding,Quote Volume غير متوفر: استخدم Trades كبديل ولا ترفع الثقة إلى High إلا بتأكيد OI والسعر,Watchlist Only,2026-04-15 21:00:00 UTC,Trades هادئة,No Trigger
-0.03274798,1,Distribution Risk,11.25932,Low,-0.03274798,2026-04-15 23:00:00 UTC,False,Long Consensus,OI صاعد تدريجي,Failed Base Ignition,Structure Invalidated,Quote Volume غير متوفر: استخدم Trades كبديل ولا ترفع الثقة إلى High إلا بتأكيد OI والسعر,Failed / Invalidated,2026-04-15 22:00:00 UTC,Trades هادئة,No Trigger
-0.01856463,1,Distribution Risk,10.8906,Low,-0.01856463,2026-04-16 00:00:00 UTC,False,Broad Risk-Off / Position Reduction,OI صاعد تدريجي,Failed Base Ignition,Structure Invalidated,Quote Volume غير متوفر: استخدم Trades كبديل ولا ترفع الثقة إلى High إلا بتأكيد OI والسعر,Failed / Invalidated,2026-04-15 23:00:00 UTC,Trades هادئة,No Trigger
0.0,,Distribution Risk,10.68842,Medium,0.0,,False,Broad Risk-Off / Position Reduction,OI صاعد تدريجي,Failed Base Ignition,Structure Invalidated,Quote Volume غير متوفر: استخدم Trades كبديل ولا ترفع الثقة إلى High إلا بتأكيد OI والسعر,Failed / Invalidated,2026-04-16 00:00:00 UTC,Trades هادئة,No Trigger
