symbol,timeframe,left_path,right_path,relation,overlap_or_gap_seconds
ACTUSDT,5m,ACTUSDT_5m_limit100_20260628_164520_enriched_candles.csv,ACTUSDT_5m_limit100_20260628_164520_enriched_candles.jsonl,EXACT_COVERAGE,0
AGLDUSDT,15m,AGLDUSDT_15m_limit100_20260626_135349_enriched_candles.csv,AGLDUSDT_15m_limit100_20260626_135349_enriched_candles.jsonl,EXACT_COVERAGE,0
AKEUSDT,15m,AKEUSDT_15m_limit100_20260711_113420_enriched_candles.csv,AKEUSDT_15m_limit100_20260715_085112_enriched_candles.csv,GAP,247500
AKEUSDT,15m,AKEUSDT_15m_limit100_20260711_113420_enriched_candles.csv,AKEUSDT_15m_limit500_20260707_181139_enriched_candles.csv,GAP,234000
AKEUSDT,15m,AKEUSDT_15m_limit100_20260711_113420_enriched_candles.csv,AKEUSDT_15m_limit500_20260707_181139_enriched_candles.jsonl,GAP,234000
AKEUSDT,15m,AKEUSDT_15m_limit100_20260711_113420_enriched_candles.csv,AKEUSDT_15m_limit500_20260717_211231_enriched_candles.csv,GAP,104400
AKEUSDT,15m,AKEUSDT_15m_limit100_20260711_113420_enriched_candles.csv,AKEUSDT_15m_limit500_20260717_211231_enriched_candles.jsonl,GAP,104400
AKEUSDT,15m,AKEUSDT_15m_limit100_20260715_085112_enriched_candles.csv,AKEUSDT_15m_limit500_20260707_181139_enriched_candles.csv,GAP,569700
AKEUSDT,15m,AKEUSDT_15m_limit100_20260715_085112_enriched_candles.csv,AKEUSDT_15m_limit500_20260707_181139_enriched_candles.jsonl,GAP,569700
AKEUSDT,15m,AKEUSDT_15m_limit100_20260715_085112_enriched_candles.csv,AKEUSDT_15m_limit500_20260717_211231_enriched_candles.csv,B_CONTAINS_A,0
AKEUSDT,15m,AKEUSDT_15m_limit100_20260715_085112_enriched_candles.csv,AKEUSDT_15m_limit500_20260717_211231_enriched_candles.jsonl,B_CONTAINS_A,0
AKEUSDT,15m,AKEUSDT_15m_limit500_20260707_181139_enriched_candles.csv,AKEUSDT_15m_limit500_20260707_181139_enriched_candles.jsonl,EXACT_COVERAGE,0
AKEUSDT,15m,AKEUSDT_15m_limit500_20260707_181139_enriched_candles.csv,AKEUSDT_15m_limit500_20260717_211231_enriched_candles.csv,GAP,426600
AKEUSDT,15m,AKEUSDT_15m_limit500_20260707_181139_enriched_candles.csv,AKEUSDT_15m_limit500_20260717_211231_enriched_candles.jsonl,GAP,426600
AKEUSDT,15m,AKEUSDT_15m_limit500_20260707_181139_enriched_candles.jsonl,AKEUSDT_15m_limit500_20260717_211231_enriched_candles.csv,GAP,426600
AKEUSDT,15m,AKEUSDT_15m_limit500_20260707_181139_enriched_candles.jsonl,AKEUSDT_15m_limit500_20260717_211231_enriched_candles.jsonl,GAP,426600
AKEUSDT,15m,AKEUSDT_15m_limit500_20260717_211231_enriched_candles.csv,AKEUSDT_15m_limit500_20260717_211231_enriched_candles.jsonl,EXACT_COVERAGE,0
AKEUSDT,1d,AKEUSDT_1d_limit500_20260717_212121_enriched_candles.csv,AKEUSDT_1d_limit500_20260717_212121_enriched_candles.jsonl,EXACT_COVERAGE,0
AKEUSDT,1h,AKEUSDT_1h_limit500_20260717_211343_enriched_candles.csv,AKEUSDT_1h_limit500_20260717_211343_enriched_candles.jsonl,EXACT_COVERAGE,0
AKEUSDT,4h,AKEUSDT_4h_limit500_20260717_211446_enriched_candles.csv,AKEUSDT_4h_limit500_20260717_211446_enriched_candles.jsonl,EXACT_COVERAGE,0
AKEUSDT,5m,AKEUSDT_5m_limit500_20260717_211054_enriched_candles.csv,AKEUSDT_5m_limit500_20260717_211054_enriched_candles.jsonl,EXACT_COVERAGE,0
BANKUSDT,15m,BANKUSDT_15m_limit500_20260718_174346_enriched_candles.csv,BANKUSDT_15m_limit500_20260718_174346_enriched_candles.jsonl,EXACT_COVERAGE,0
BANKUSDT,15m,BANKUSDT_15m_limit500_20260718_174346_enriched_candles.csv,BANKUSDT_15m_limit500_20260719_170943_enriched_candles.csv,PARTIAL_OVERLAP,363600
BANKUSDT,15m,BANKUSDT_15m_limit500_20260718_174346_enriched_candles.jsonl,BANKUSDT_15m_limit500_20260719_170943_enriched_candles.csv,PARTIAL_OVERLAP,363600
BANKUSDT,1d,BANKUSDT_1d_limit500_20260718_174500_enriched_candles.csv,BANKUSDT_1d_limit500_20260718_174500_enriched_candles.jsonl,EXACT_COVERAGE,0
BANKUSDT,1d,BANKUSDT_1d_limit500_20260718_174500_enriched_candles.csv,BANKUSDT_1d_limit500_20260719_170839_enriched_candles.csv,PARTIAL_OVERLAP,2332800
BANKUSDT,1d,BANKUSDT_1d_limit500_20260718_174500_enriched_candles.jsonl,BANKUSDT_1d_limit500_20260719_170839_enriched_candles.csv,PARTIAL_OVERLAP,2332800
BANKUSDT,1h,BANKUSDT_1h_limit500_20260718_174357_enriched_candles.csv,BANKUSDT_1h_limit500_20260719_170932_enriched_candles.csv,PARTIAL_OVERLAP,1706400
BELUSDT,15m,BELUSDT_15m_limit500_20260627_190601_enriched_candles.csv,BELUSDT_15m_limit500_20260627_190601_enriched_candles.jsonl,EXACT_COVERAGE,0
BELUSDT,15m,BELUSDT_15m_limit500_20260627_190601_enriched_candles.csv,BELUSDT_15m_limit500_20260627_190641_enriched_candles.csv,EXACT_COVERAGE,0
BELUSDT,15m,BELUSDT_15m_limit500_20260627_190601_enriched_candles.csv,BELUSDT_15m_limit500_20260627_190641_enriched_candles.jsonl,EXACT_COVERAGE,0
BELUSDT,15m,BELUSDT_15m_limit500_20260627_190601_enriched_candles.jsonl,BELUSDT_15m_limit500_20260627_190641_enriched_candles.csv,EXACT_COVERAGE,0
BELUSDT,15m,BELUSDT_15m_limit500_20260627_190601_enriched_candles.jsonl,BELUSDT_15m_limit500_20260627_190641_enriched_candles.jsonl,EXACT_COVERAGE,0
BELUSDT,15m,BELUSDT_15m_limit500_20260627_190641_enriched_candles.csv,BELUSDT_15m_limit500_20260627_190641_enriched_candles.jsonl,EXACT_COVERAGE,0
CELOUSDT,15m,CELOUSDT_15m_limit100_20260628_203921_enriched_candles.csv,CELOUSDT_15m_limit100_20260628_203921_enriched_candles.jsonl,EXACT_COVERAGE,0
CLOUSDT,15m,CLOUSDT_15m_limit100_20260707_173702_enriched_candles.csv,CLOUSDT_15m_limit500_20260627_190616_enriched_candles.csv,GAP,770400
CLOUSDT,15m,CLOUSDT_15m_limit100_20260707_173702_enriched_candles.csv,CLOUSDT_15m_limit500_20260627_190616_enriched_candles.jsonl,GAP,770400
CLOUSDT,15m,CLOUSDT_15m_limit500_20260627_190616_enriched_candles.csv,CLOUSDT_15m_limit500_20260627_190616_enriched_candles.jsonl,EXACT_COVERAGE,0
COOKIEUSDT,15m,COOKIEUSDT_15m_limit100_20260628_205718_enriched_candles.csv,COOKIEUSDT_15m_limit100_20260628_205718_enriched_candles.jsonl,EXACT_COVERAGE,0
EPICUSDT,15m,EPICUSDT_15m_limit100_20260704_181648_enriched_candles.csv,EPICUSDT_15m_limit500_20260707_181057_enriched_candles.csv,B_CONTAINS_A,0
EPICUSDT,15m,EPICUSDT_15m_limit100_20260704_181648_enriched_candles.csv,EPICUSDT_15m_limit500_20260707_181057_enriched_candles.jsonl,B_CONTAINS_A,0
EPICUSDT,15m,EPICUSDT_15m_limit500_20260707_181057_enriched_candles.csv,EPICUSDT_15m_limit500_20260707_181057_enriched_candles.jsonl,EXACT_COVERAGE,0
ESPORTSUSDT,15m,ESPORTSUSDT_15m_limit500_20260718_182815_enriched_candles.csv,ESPORTSUSDT_15m_limit500_20260718_182815_enriched_candles.jsonl,EXACT_COVERAGE,0
ESPORTSUSDT,1d,ESPORTSUSDT_1d_limit500_20260718_182741_enriched_candles.csv,ESPORTSUSDT_1d_limit500_20260718_182741_enriched_candles.jsonl,EXACT_COVERAGE,0
ESPORTSUSDT,1h,ESPORTSUSDT_1h_limit500_20260718_182804_enriched_candles.csv,ESPORTSUSDT_1h_limit500_20260718_182804_enriched_candles.jsonl,EXACT_COVERAGE,0
ESPORTSUSDT,4h,ESPORTSUSDT_4h_limit500_20260718_182753_enriched_candles.csv,ESPORTSUSDT_4h_limit500_20260718_182753_enriched_candles.jsonl,EXACT_COVERAGE,0
ESPORTSUSDT,5m,ESPORTSUSDT_5m_limit100_20260709_140856_enriched_candles.csv,ESPORTSUSDT_5m_limit500_20260718_182823_enriched_candles.csv,GAP,643800
ESPORTSUSDT,5m,ESPORTSUSDT_5m_limit100_20260709_140856_enriched_candles.csv,ESPORTSUSDT_5m_limit500_20260718_182823_enriched_candles.jsonl,GAP,643800
ESPORTSUSDT,5m,ESPORTSUSDT_5m_limit500_20260718_182823_enriched_candles.csv,ESPORTSUSDT_5m_limit500_20260718_182823_enriched_candles.jsonl,EXACT_COVERAGE,0
FOGOUSDT,15m,FOGOUSDT_15m_limit500_20260625_211302_enriched_candles.csv,FOGOUSDT_15m_limit500_20260625_211302_enriched_candles.jsonl,EXACT_COVERAGE,0
FOGOUSDT,4h,FOGOUSDT_4h_limit500_20260625_211441_enriched_candles.csv,FOGOUSDT_4h_limit500_20260625_211441_enriched_candles.jsonl,EXACT_COVERAGE,0
GUAUSDT,15m,GUAUSDT_15m_limit100_20260629_142940_enriched_candles.csv,GUAUSDT_15m_limit100_20260629_142940_enriched_candles.jsonl,EXACT_COVERAGE,0
GUAUSDT,15m,GUAUSDT_15m_limit100_20260629_142940_enriched_candles.csv,GUAUSDT_15m_limit100_20260702_200224_enriched_candles.csv,GAP,191700
GUAUSDT,15m,GUAUSDT_15m_limit100_20260629_142940_enriched_candles.jsonl,GUAUSDT_15m_limit100_20260702_200224_enriched_candles.csv,GAP,191700
HEIUSDT,15m,HEIUSDT_15m_limit100_20260625_131011_enriched_candles.csv,HEIUSDT_15m_limit100_20260704_181626_enriched_candles.csv,GAP,708300
HMSTRUSDT,15m,HMSTRUSDT_15m_limit100_20260704_181703_enriched_candles.csv,HMSTRUSDT_15m_limit500_20260707_181124_enriched_candles.csv,B_CONTAINS_A,0
HMSTRUSDT,15m,HMSTRUSDT_15m_limit100_20260704_181703_enriched_candles.csv,HMSTRUSDT_15m_limit500_20260707_181124_enriched_candles.jsonl,B_CONTAINS_A,0
HMSTRUSDT,15m,HMSTRUSDT_15m_limit100_20260704_181703_enriched_candles.csv,HMSTRUSDT_15m_limit500_20260708_180429_enriched_candles.csv,B_CONTAINS_A,0
HMSTRUSDT,15m,HMSTRUSDT_15m_limit500_20260707_181124_enriched_candles.csv,HMSTRUSDT_15m_limit500_20260707_181124_enriched_candles.jsonl,EXACT_COVERAGE,0
HMSTRUSDT,15m,HMSTRUSDT_15m_limit500_20260707_181124_enriched_candles.csv,HMSTRUSDT_15m_limit500_20260708_180429_enriched_candles.csv,PARTIAL_OVERLAP,361800
HMSTRUSDT,15m,HMSTRUSDT_15m_limit500_20260707_181124_enriched_candles.jsonl,HMSTRUSDT_15m_limit500_20260708_180429_enriched_candles.csv,PARTIAL_OVERLAP,361800
HOTUSDT,15m,HOTUSDT_15m_limit100_20260627_204433_enriched_candles.csv,HOTUSDT_15m_limit100_20260627_204433_enriched_candles.jsonl,EXACT_COVERAGE,0
LABUSDT,15m,LABUSDT_15m_limit100_20260703_202902_enriched_candles.csv,LABUSDT_15m_limit100_20260704_181825_enriched_candles.csv,PARTIAL_OVERLAP,9000
LABUSDT,15m,LABUSDT_15m_limit100_20260703_202902_enriched_candles.csv,LABUSDT_15m_limit500_20260707_180937_enriched_candles.csv,B_CONTAINS_A,0
LABUSDT,15m,LABUSDT_15m_limit100_20260703_202902_enriched_candles.csv,LABUSDT_15m_limit500_20260707_180937_enriched_candles.jsonl,B_CONTAINS_A,0
LABUSDT,15m,LABUSDT_15m_limit100_20260703_202902_enriched_candles.csv,LABUSDT_15m_limit500_20260708_180014_enriched_candles.csv,PARTIAL_OVERLAP,24300
LABUSDT,15m,LABUSDT_15m_limit100_20260704_181825_enriched_candles.csv,LABUSDT_15m_limit500_20260707_180937_enriched_candles.csv,B_CONTAINS_A,0
LABUSDT,15m,LABUSDT_15m_limit100_20260704_181825_enriched_candles.csv,LABUSDT_15m_limit500_20260707_180937_enriched_candles.jsonl,B_CONTAINS_A,0
LABUSDT,15m,LABUSDT_15m_limit100_20260704_181825_enriched_candles.csv,LABUSDT_15m_limit500_20260708_180014_enriched_candles.csv,B_CONTAINS_A,0
LABUSDT,15m,LABUSDT_15m_limit500_20260707_180937_enriched_candles.csv,LABUSDT_15m_limit500_20260707_180937_enriched_candles.jsonl,EXACT_COVERAGE,0
LABUSDT,15m,LABUSDT_15m_limit500_20260707_180937_enriched_candles.csv,LABUSDT_15m_limit500_20260708_180014_enriched_candles.csv,PARTIAL_OVERLAP,361800
LABUSDT,15m,LABUSDT_15m_limit500_20260707_180937_enriched_candles.jsonl,LABUSDT_15m_limit500_20260708_180014_enriched_candles.csv,PARTIAL_OVERLAP,361800
LYNUSDT,15m,LYNUSDT_15m_limit500_20260718_185949_enriched_candles.csv,LYNUSDT_15m_limit500_20260718_185949_enriched_candles.jsonl,EXACT_COVERAGE,0
LYNUSDT,15m,LYNUSDT_15m_limit500_20260718_185949_enriched_candles.csv,LYNUSDT_15m_limit500_20260718_190753_enriched_candles.csv,PARTIAL_OVERLAP,447300
LYNUSDT,15m,LYNUSDT_15m_limit500_20260718_185949_enriched_candles.csv,LYNUSDT_15m_limit500_20260718_190753_enriched_candles.jsonl,PARTIAL_OVERLAP,447300
LYNUSDT,15m,LYNUSDT_15m_limit500_20260718_185949_enriched_candles.jsonl,LYNUSDT_15m_limit500_20260718_190753_enriched_candles.csv,PARTIAL_OVERLAP,447300
LYNUSDT,15m,LYNUSDT_15m_limit500_20260718_185949_enriched_candles.jsonl,LYNUSDT_15m_limit500_20260718_190753_enriched_candles.jsonl,PARTIAL_OVERLAP,447300
LYNUSDT,15m,LYNUSDT_15m_limit500_20260718_190753_enriched_candles.csv,LYNUSDT_15m_limit500_20260718_190753_enriched_candles.jsonl,EXACT_COVERAGE,0
LYNUSDT,1h,LYNUSDT_1h_limit500_20260718_190125_enriched_candles.csv,LYNUSDT_1h_limit500_20260718_190125_enriched_candles.jsonl,EXACT_COVERAGE,0
LYNUSDT,4h,LYNUSDT_4h_limit500_20260718_190717_enriched_candles.csv,LYNUSDT_4h_limit500_20260718_190717_enriched_candles.jsonl,EXACT_COVERAGE,0
LYNUSDT,5m,LYNUSDT_5m_limit500_20260718_185241_enriched_candles.csv,LYNUSDT_5m_limit500_20260718_185241_enriched_candles.jsonl,EXACT_COVERAGE,0
MAGMAUSDT,15m,MAGMAUSDT_15m_limit100_20260626_133221_enriched_candles.csv,MAGMAUSDT_15m_limit100_20260626_133221_enriched_candles.jsonl,EXACT_COVERAGE,0
MAGMAUSDT,15m,MAGMAUSDT_15m_limit100_20260626_133221_enriched_candles.csv,MAGMAUSDT_15m_limit100_20260702_200404_enriched_candles.csv,GAP,453600
MAGMAUSDT,15m,MAGMAUSDT_15m_limit100_20260626_133221_enriched_candles.csv,MAGMAUSDT_15m_limit100_20260703_201708_enriched_candles.csv,GAP,540900
MAGMAUSDT,15m,MAGMAUSDT_15m_limit100_20260626_133221_enriched_candles.jsonl,MAGMAUSDT_15m_limit100_20260702_200404_enriched_candles.csv,GAP,453600
MAGMAUSDT,15m,MAGMAUSDT_15m_limit100_20260626_133221_enriched_candles.jsonl,MAGMAUSDT_15m_limit100_20260703_201708_enriched_candles.csv,GAP,540900
MAGMAUSDT,15m,MAGMAUSDT_15m_limit100_20260702_200404_enriched_candles.csv,MAGMAUSDT_15m_limit100_20260703_201708_enriched_candles.csv,PARTIAL_OVERLAP,900
MAGMAUSDT,1d,MAGMAUSDT_1d_limit500_20260626_145834_enriched_candles.csv,MAGMAUSDT_1d_limit500_20260626_145834_enriched_candles.jsonl,EXACT_COVERAGE,0
MAGMAUSDT,1h,MAGMAUSDT_1h_limit500_20260626_145855_enriched_candles.csv,MAGMAUSDT_1h_limit500_20260626_145855_enriched_candles.jsonl,EXACT_COVERAGE,0
MAGMAUSDT,4h,MAGMAUSDT_4h_limit500_20260626_145844_enriched_candles.csv,MAGMAUSDT_4h_limit500_20260626_145844_enriched_candles.jsonl,EXACT_COVERAGE,0
MANTAUSDT,5m,MANTAUSDT_5m_limit100_20260628_164201_enriched_candles.csv,MANTAUSDT_5m_limit100_20260628_164201_enriched_candles.jsonl,EXACT_COVERAGE,0
MUSDT,15m,MUSDT_15m_limit100_20260702_200514_enriched_candles.csv,MUSDT_15m_limit500_20260625_112715_enriched_candles.csv,GAP,548100
OGNUSDT,15m,OGNUSDT_15m_limit100_20260704_181612_enriched_candles.csv,OGNUSDT_15m_limit100_20260708_194210_enriched_candles.csv,GAP,261900
PUNDIXUSDT,15m,PUNDIXUSDT_15m_limit100_20260626_175634_enriched_candles.csv,PUNDIXUSDT_15m_limit100_20260626_175634_enriched_candles.jsonl,EXACT_COVERAGE,0
RAVEUSDT,15m,RAVEUSDT_15m_limit100_20260629_143329_enriched_candles.csv,RAVEUSDT_15m_limit100_20260629_143329_enriched_candles.jsonl,EXACT_COVERAGE,0
RPLUSDT,15m,RPLUSDT_15m_limit100_20260702_233651_enriched_candles.csv,RPLUSDT_15m_limit100_20260704_181637_enriched_candles.csv,GAP,65700
SKYAIUSDT,15m,SKYAIUSDT_15m_limit500_20260627_190626_enriched_candles.csv,SKYAIUSDT_15m_limit500_20260627_190626_enriched_candles.jsonl,EXACT_COVERAGE,0
SKYAIUSDT,15m,SKYAIUSDT_15m_limit500_20260627_190626_enriched_candles.csv,SKYAIUSDT_15m_limit500_20260707_181108_enriched_candles.csv,GAP,412200
SKYAIUSDT,15m,SKYAIUSDT_15m_limit500_20260627_190626_enriched_candles.csv,SKYAIUSDT_15m_limit500_20260707_181108_enriched_candles.jsonl,GAP,412200
SKYAIUSDT,15m,SKYAIUSDT_15m_limit500_20260627_190626_enriched_candles.jsonl,SKYAIUSDT_15m_limit500_20260707_181108_enriched_candles.csv,GAP,412200
SKYAIUSDT,15m,SKYAIUSDT_15m_limit500_20260627_190626_enriched_candles.jsonl,SKYAIUSDT_15m_limit500_20260707_181108_enriched_candles.jsonl,GAP,412200
SKYAIUSDT,15m,SKYAIUSDT_15m_limit500_20260707_181108_enriched_candles.csv,SKYAIUSDT_15m_limit500_20260707_181108_enriched_candles.jsonl,EXACT_COVERAGE,0
TACUSDT,15m,TACUSDT_15m_limit100_20260629_143244_enriched_candles.csv,TACUSDT_15m_limit500_20260707_180859_enriched_candles.csv,GAP,255600
TACUSDT,15m,TACUSDT_15m_limit100_20260629_143244_enriched_candles.csv,TACUSDT_15m_limit500_20260707_180859_enriched_candles.jsonl,GAP,255600
TACUSDT,15m,TACUSDT_15m_limit100_20260629_143244_enriched_candles.csv,TACUSDT_15m_limit500_20260708_180128_enriched_candles.csv,GAP,342000
TACUSDT,15m,TACUSDT_15m_limit100_20260629_143244_enriched_candles.csv,TACUSDT_15m_limit500_20260708_180203_enriched_candles.csv,GAP,342000
TACUSDT,15m,TACUSDT_15m_limit500_20260707_180859_enriched_candles.csv,TACUSDT_15m_limit500_20260707_180859_enriched_candles.jsonl,EXACT_COVERAGE,0
TACUSDT,15m,TACUSDT_15m_limit500_20260707_180859_enriched_candles.csv,TACUSDT_15m_limit500_20260708_180128_enriched_candles.csv,PARTIAL_OVERLAP,361800
TACUSDT,15m,TACUSDT_15m_limit500_20260707_180859_enriched_candles.csv,TACUSDT_15m_limit500_20260708_180203_enriched_candles.csv,PARTIAL_OVERLAP,361800
TACUSDT,15m,TACUSDT_15m_limit500_20260707_180859_enriched_candles.jsonl,TACUSDT_15m_limit500_20260708_180128_enriched_candles.csv,PARTIAL_OVERLAP,361800
TACUSDT,15m,TACUSDT_15m_limit500_20260707_180859_enriched_candles.jsonl,TACUSDT_15m_limit500_20260708_180203_enriched_candles.csv,PARTIAL_OVERLAP,361800
TACUSDT,15m,TACUSDT_15m_limit500_20260708_180128_enriched_candles.csv,TACUSDT_15m_limit500_20260708_180203_enriched_candles.csv,EXACT_COVERAGE,0
TACUSDT,5m,TACUSDT_5m_limit20_20260709_173836_enriched_candles.csv,TACUSDT_5m_limit50_20260709_180653_enriched_candles.csv,B_CONTAINS_A,0
TAGUSDT,5m,TAGUSDT_5m_limit100_20260709_141454_enriched_candles.csv,TAGUSDT_5m_limit50_20260709_180730_enriched_candles.csv,PARTIAL_OVERLAP,300
TLMUSDT,15m,TLMUSDT_15m_limit100_20260704_181750_enriched_candles.csv,TLMUSDT_15m_limit500_20260719_171030_enriched_candles.csv,GAP,843300
TLMUSDT,5m,TLMUSDT_5m_limit100_20260701_200402_enriched_candles.csv,TLMUSDT_5m_limit100_20260703_201211_enriched_candles.csv,GAP,144000
TLMUSDT,5m,TLMUSDT_5m_limit100_20260701_200402_enriched_candles.csv,TLMUSDT_5m_limit500_20260719_171008_enriched_candles.csv,GAP,1395300
TLMUSDT,5m,TLMUSDT_5m_limit100_20260703_201211_enriched_candles.csv,TLMUSDT_5m_limit500_20260719_171008_enriched_candles.csv,GAP,1221900
USUSDT,5m,USUSDT_5m_limit100_20260706_200150_enriched_candles.csv,USUSDT_5m_limit100_20260706_201404_enriched_candles.csv,PARTIAL_OVERLAP,28800
USUSDT,5m,USUSDT_5m_limit100_20260706_200150_enriched_candles.csv,USUSDT_5m_limit20_20260706_192710_enriched_candles.csv,A_CONTAINS_B,0
USUSDT,5m,USUSDT_5m_limit100_20260706_200150_enriched_candles.csv,USUSDT_5m_limit50_20260709_180550_enriched_candles.csv,GAP,237900
USUSDT,5m,USUSDT_5m_limit100_20260706_201404_enriched_candles.csv,USUSDT_5m_limit20_20260706_192710_enriched_candles.csv,A_CONTAINS_B,0
USUSDT,5m,USUSDT_5m_limit100_20260706_201404_enriched_candles.csv,USUSDT_5m_limit50_20260709_180550_enriched_candles.csv,GAP,237300
USUSDT,5m,USUSDT_5m_limit20_20260706_192710_enriched_candles.csv,USUSDT_5m_limit50_20260709_180550_enriched_candles.csv,GAP,240000
VELVETUSDT,15m,VELVETUSDT_15m_limit100_20260626_190253_enriched_candles.csv,VELVETUSDT_15m_limit100_20260626_190253_enriched_candles.jsonl,EXACT_COVERAGE,0
VELVETUSDT,15m,VELVETUSDT_15m_limit100_20260626_190253_enriched_candles.csv,VELVETUSDT_15m_limit100_20260627_161019_enriched_candles.csv,PARTIAL_OVERLAP,12600
VELVETUSDT,15m,VELVETUSDT_15m_limit100_20260626_190253_enriched_candles.csv,VELVETUSDT_15m_limit100_20260627_161019_enriched_candles.jsonl,PARTIAL_OVERLAP,12600
VELVETUSDT,15m,VELVETUSDT_15m_limit100_20260626_190253_enriched_candles.csv,VELVETUSDT_15m_limit100_20260627_181248_enriched_candles.csv,PARTIAL_OVERLAP,5400
VELVETUSDT,15m,VELVETUSDT_15m_limit100_20260626_190253_enriched_candles.csv,VELVETUSDT_15m_limit100_20260627_181248_enriched_candles.jsonl,PARTIAL_OVERLAP,5400
VELVETUSDT,15m,VELVETUSDT_15m_limit100_20260626_190253_enriched_candles.csv,VELVETUSDT_15m_limit100_20260702_200210_enriched_candles.csv,GAP,433800
VELVETUSDT,15m,VELVETUSDT_15m_limit100_20260626_190253_enriched_candles.jsonl,VELVETUSDT_15m_limit100_20260627_161019_enriched_candles.csv,PARTIAL_OVERLAP,12600
VELVETUSDT,15m,VELVETUSDT_15m_limit100_20260626_190253_enriched_candles.jsonl,VELVETUSDT_15m_limit100_20260627_161019_enriched_candles.jsonl,PARTIAL_OVERLAP,12600
VELVETUSDT,15m,VELVETUSDT_15m_limit100_20260626_190253_enriched_candles.jsonl,VELVETUSDT_15m_limit100_20260627_181248_enriched_candles.csv,PARTIAL_OVERLAP,5400
VELVETUSDT,15m,VELVETUSDT_15m_limit100_20260626_190253_enriched_candles.jsonl,VELVETUSDT_15m_limit100_20260627_181248_enriched_candles.jsonl,PARTIAL_OVERLAP,5400
VELVETUSDT,15m,VELVETUSDT_15m_limit100_20260626_190253_enriched_candles.jsonl,VELVETUSDT_15m_limit100_20260702_200210_enriched_candles.csv,GAP,433800
VELVETUSDT,15m,VELVETUSDT_15m_limit100_20260627_161019_enriched_candles.csv,VELVETUSDT_15m_limit100_20260627_161019_enriched_candles.jsonl,EXACT_COVERAGE,0
VELVETUSDT,15m,VELVETUSDT_15m_limit100_20260627_161019_enriched_candles.csv,VELVETUSDT_15m_limit100_20260627_181248_enriched_candles.csv,PARTIAL_OVERLAP,81000
VELVETUSDT,15m,VELVETUSDT_15m_limit100_20260627_161019_enriched_candles.csv,VELVETUSDT_15m_limit100_20260627_181248_enriched_candles.jsonl,PARTIAL_OVERLAP,81000
VELVETUSDT,15m,VELVETUSDT_15m_limit100_20260627_161019_enriched_candles.csv,VELVETUSDT_15m_limit100_20260702_200210_enriched_candles.csv,GAP,358200
VELVETUSDT,15m,VELVETUSDT_15m_limit100_20260627_161019_enriched_candles.jsonl,VELVETUSDT_15m_limit100_20260627_181248_enriched_candles.csv,PARTIAL_OVERLAP,81000
VELVETUSDT,15m,VELVETUSDT_15m_limit100_20260627_161019_enriched_candles.jsonl,VELVETUSDT_15m_limit100_20260627_181248_enriched_candles.jsonl,PARTIAL_OVERLAP,81000
VELVETUSDT,15m,VELVETUSDT_15m_limit100_20260627_161019_enriched_candles.jsonl,VELVETUSDT_15m_limit100_20260702_200210_enriched_candles.csv,GAP,358200
VELVETUSDT,15m,VELVETUSDT_15m_limit100_20260627_181248_enriched_candles.csv,VELVETUSDT_15m_limit100_20260627_181248_enriched_candles.jsonl,EXACT_COVERAGE,0
VELVETUSDT,15m,VELVETUSDT_15m_limit100_20260627_181248_enriched_candles.csv,VELVETUSDT_15m_limit100_20260702_200210_enriched_candles.csv,GAP,351000
VELVETUSDT,15m,VELVETUSDT_15m_limit100_20260627_181248_enriched_candles.jsonl,VELVETUSDT_15m_limit100_20260702_200210_enriched_candles.csv,GAP,351000
VELVETUSDT,1d,VELVETUSDT_1d_limit100_20260627_161135_enriched_candles.csv,VELVETUSDT_1d_limit100_20260627_161135_enriched_candles.jsonl,EXACT_COVERAGE,0
VELVETUSDT,1h,VELVETUSDT_1h_limit100_20260627_161039_enriched_candles.csv,VELVETUSDT_1h_limit100_20260627_161039_enriched_candles.jsonl,EXACT_COVERAGE,0
VELVETUSDT,4h,VELVETUSDT_4h_limit100_20260627_161103_enriched_candles.csv,VELVETUSDT_4h_limit100_20260627_161103_enriched_candles.jsonl,EXACT_COVERAGE,0
