stem,csv_path,jsonl_path,status,csv_rows,jsonl_rows,csv_schema_hash,jsonl_schema_hash
ACTUSDT_5m_limit100_20260628_164520_enriched_candles,ACTUSDT_5m_limit100_20260628_164520_enriched_candles.csv,ACTUSDT_5m_limit100_20260628_164520_enriched_candles.jsonl,SEMANTICALLY_EQUIVALENT,99,99,701217c8ecae1a557ac8ab76bbea9c6861cef1d07c5d4a730ebfbc662b08c827,701217c8ecae1a557ac8ab76bbea9c6861cef1d07c5d4a730ebfbc662b08c827
AGLDUSDT_15m_limit100_20260626_135349_enriched_candles,AGLDUSDT_15m_limit100_20260626_135349_enriched_candles.csv,AGLDUSDT_15m_limit100_20260626_135349_enriched_candles.jsonl,SEMANTICALLY_EQUIVALENT,99,99,701217c8ecae1a557ac8ab76bbea9c6861cef1d07c5d4a730ebfbc662b08c827,701217c8ecae1a557ac8ab76bbea9c6861cef1d07c5d4a730ebfbc662b08c827
AKEUSDT_15m_limit500_20260707_181139_enriched_candles,AKEUSDT_15m_limit500_20260707_181139_enriched_candles.csv,AKEUSDT_15m_limit500_20260707_181139_enriched_candles.jsonl,SEMANTICALLY_EQUIVALENT,499,499,701217c8ecae1a557ac8ab76bbea9c6861cef1d07c5d4a730ebfbc662b08c827,701217c8ecae1a557ac8ab76bbea9c6861cef1d07c5d4a730ebfbc662b08c827
AKEUSDT_15m_limit500_20260717_211231_enriched_candles,AKEUSDT_15m_limit500_20260717_211231_enriched_candles.csv,AKEUSDT_15m_limit500_20260717_211231_enriched_candles.jsonl,SEMANTICALLY_EQUIVALENT,499,499,701217c8ecae1a557ac8ab76bbea9c6861cef1d07c5d4a730ebfbc662b08c827,701217c8ecae1a557ac8ab76bbea9c6861cef1d07c5d4a730ebfbc662b08c827
AKEUSDT_1d_limit500_20260717_212121_enriched_candles,AKEUSDT_1d_limit500_20260717_212121_enriched_candles.csv,AKEUSDT_1d_limit500_20260717_212121_enriched_candles.jsonl,SEMANTICALLY_EQUIVALENT,29,29,701217c8ecae1a557ac8ab76bbea9c6861cef1d07c5d4a730ebfbc662b08c827,701217c8ecae1a557ac8ab76bbea9c6861cef1d07c5d4a730ebfbc662b08c827
AKEUSDT_1h_limit500_20260717_211343_enriched_candles,AKEUSDT_1h_limit500_20260717_211343_enriched_candles.csv,AKEUSDT_1h_limit500_20260717_211343_enriched_candles.jsonl,SEMANTICALLY_EQUIVALENT,499,499,701217c8ecae1a557ac8ab76bbea9c6861cef1d07c5d4a730ebfbc662b08c827,701217c8ecae1a557ac8ab76bbea9c6861cef1d07c5d4a730ebfbc662b08c827
AKEUSDT_4h_limit500_20260717_211446_enriched_candles,AKEUSDT_4h_limit500_20260717_211446_enriched_candles.csv,AKEUSDT_4h_limit500_20260717_211446_enriched_candles.jsonl,SEMANTICALLY_EQUIVALENT,179,179,701217c8ecae1a557ac8ab76bbea9c6861cef1d07c5d4a730ebfbc662b08c827,701217c8ecae1a557ac8ab76bbea9c6861cef1d07c5d4a730ebfbc662b08c827
AKEUSDT_5m_limit500_20260717_211054_enriched_candles,AKEUSDT_5m_limit500_20260717_211054_enriched_candles.csv,AKEUSDT_5m_limit500_20260717_211054_enriched_candles.jsonl,SEMANTICALLY_EQUIVALENT,499,499,701217c8ecae1a557ac8ab76bbea9c6861cef1d07c5d4a730ebfbc662b08c827,701217c8ecae1a557ac8ab76bbea9c6861cef1d07c5d4a730ebfbc662b08c827
BANKUSDT_15m_limit500_20260718_174346_enriched_candles,BANKUSDT_15m_limit500_20260718_174346_enriched_candles.csv,BANKUSDT_15m_limit500_20260718_174346_enriched_candles.jsonl,SEMANTICALLY_EQUIVALENT,499,499,8008241737123a8c698e53a811722815ca75a0414cf90ff3da08ed2f8cae6fee,8008241737123a8c698e53a811722815ca75a0414cf90ff3da08ed2f8cae6fee
BANKUSDT_1d_limit500_20260718_174500_enriched_candles,BANKUSDT_1d_limit500_20260718_174500_enriched_candles.csv,BANKUSDT_1d_limit500_20260718_174500_enriched_candles.jsonl,SEMANTICALLY_EQUIVALENT,29,29,8008241737123a8c698e53a811722815ca75a0414cf90ff3da08ed2f8cae6fee,8008241737123a8c698e53a811722815ca75a0414cf90ff3da08ed2f8cae6fee
BELUSDT_15m_limit500_20260627_190601_enriched_candles,BELUSDT_15m_limit500_20260627_190601_enriched_candles.csv,BELUSDT_15m_limit500_20260627_190601_enriched_candles.jsonl,SEMANTICALLY_EQUIVALENT,499,499,701217c8ecae1a557ac8ab76bbea9c6861cef1d07c5d4a730ebfbc662b08c827,701217c8ecae1a557ac8ab76bbea9c6861cef1d07c5d4a730ebfbc662b08c827
BELUSDT_15m_limit500_20260627_190641_enriched_candles,BELUSDT_15m_limit500_20260627_190641_enriched_candles.csv,BELUSDT_15m_limit500_20260627_190641_enriched_candles.jsonl,SEMANTICALLY_EQUIVALENT,499,499,701217c8ecae1a557ac8ab76bbea9c6861cef1d07c5d4a730ebfbc662b08c827,701217c8ecae1a557ac8ab76bbea9c6861cef1d07c5d4a730ebfbc662b08c827
CELOUSDT_15m_limit100_20260628_203921_enriched_candles,CELOUSDT_15m_limit100_20260628_203921_enriched_candles.csv,CELOUSDT_15m_limit100_20260628_203921_enriched_candles.jsonl,SEMANTICALLY_EQUIVALENT,99,99,701217c8ecae1a557ac8ab76bbea9c6861cef1d07c5d4a730ebfbc662b08c827,701217c8ecae1a557ac8ab76bbea9c6861cef1d07c5d4a730ebfbc662b08c827
CLOUSDT_15m_limit500_20260627_190616_enriched_candles,CLOUSDT_15m_limit500_20260627_190616_enriched_candles.csv,CLOUSDT_15m_limit500_20260627_190616_enriched_candles.jsonl,SEMANTICALLY_EQUIVALENT,499,499,701217c8ecae1a557ac8ab76bbea9c6861cef1d07c5d4a730ebfbc662b08c827,701217c8ecae1a557ac8ab76bbea9c6861cef1d07c5d4a730ebfbc662b08c827
COOKIEUSDT_15m_limit100_20260628_205718_enriched_candles,COOKIEUSDT_15m_limit100_20260628_205718_enriched_candles.csv,COOKIEUSDT_15m_limit100_20260628_205718_enriched_candles.jsonl,SEMANTICALLY_EQUIVALENT,99,99,701217c8ecae1a557ac8ab76bbea9c6861cef1d07c5d4a730ebfbc662b08c827,701217c8ecae1a557ac8ab76bbea9c6861cef1d07c5d4a730ebfbc662b08c827
EPICUSDT_15m_limit500_20260707_181057_enriched_candles,EPICUSDT_15m_limit500_20260707_181057_enriched_candles.csv,EPICUSDT_15m_limit500_20260707_181057_enriched_candles.jsonl,SEMANTICALLY_EQUIVALENT,499,499,701217c8ecae1a557ac8ab76bbea9c6861cef1d07c5d4a730ebfbc662b08c827,701217c8ecae1a557ac8ab76bbea9c6861cef1d07c5d4a730ebfbc662b08c827
ESPORTSUSDT_15m_limit500_20260718_182815_enriched_candles,ESPORTSUSDT_15m_limit500_20260718_182815_enriched_candles.csv,ESPORTSUSDT_15m_limit500_20260718_182815_enriched_candles.jsonl,SEMANTICALLY_EQUIVALENT,499,499,8008241737123a8c698e53a811722815ca75a0414cf90ff3da08ed2f8cae6fee,8008241737123a8c698e53a811722815ca75a0414cf90ff3da08ed2f8cae6fee
ESPORTSUSDT_1d_limit500_20260718_182741_enriched_candles,ESPORTSUSDT_1d_limit500_20260718_182741_enriched_candles.csv,ESPORTSUSDT_1d_limit500_20260718_182741_enriched_candles.jsonl,SEMANTICALLY_EQUIVALENT,29,29,8008241737123a8c698e53a811722815ca75a0414cf90ff3da08ed2f8cae6fee,8008241737123a8c698e53a811722815ca75a0414cf90ff3da08ed2f8cae6fee
ESPORTSUSDT_1h_limit500_20260718_182804_enriched_candles,ESPORTSUSDT_1h_limit500_20260718_182804_enriched_candles.csv,ESPORTSUSDT_1h_limit500_20260718_182804_enriched_candles.jsonl,SEMANTICALLY_EQUIVALENT,499,499,8008241737123a8c698e53a811722815ca75a0414cf90ff3da08ed2f8cae6fee,8008241737123a8c698e53a811722815ca75a0414cf90ff3da08ed2f8cae6fee
ESPORTSUSDT_4h_limit500_20260718_182753_enriched_candles,ESPORTSUSDT_4h_limit500_20260718_182753_enriched_candles.csv,ESPORTSUSDT_4h_limit500_20260718_182753_enriched_candles.jsonl,SEMANTICALLY_EQUIVALENT,179,179,8008241737123a8c698e53a811722815ca75a0414cf90ff3da08ed2f8cae6fee,8008241737123a8c698e53a811722815ca75a0414cf90ff3da08ed2f8cae6fee
ESPORTSUSDT_5m_limit500_20260718_182823_enriched_candles,ESPORTSUSDT_5m_limit500_20260718_182823_enriched_candles.csv,ESPORTSUSDT_5m_limit500_20260718_182823_enriched_candles.jsonl,SEMANTICALLY_EQUIVALENT,499,499,8008241737123a8c698e53a811722815ca75a0414cf90ff3da08ed2f8cae6fee,8008241737123a8c698e53a811722815ca75a0414cf90ff3da08ed2f8cae6fee
FOGOUSDT_15m_limit500_20260625_211302_enriched_candles,FOGOUSDT_15m_limit500_20260625_211302_enriched_candles.csv,FOGOUSDT_15m_limit500_20260625_211302_enriched_candles.jsonl,SEMANTICALLY_EQUIVALENT,499,499,701217c8ecae1a557ac8ab76bbea9c6861cef1d07c5d4a730ebfbc662b08c827,701217c8ecae1a557ac8ab76bbea9c6861cef1d07c5d4a730ebfbc662b08c827
FOGOUSDT_4h_limit500_20260625_211441_enriched_candles,FOGOUSDT_4h_limit500_20260625_211441_enriched_candles.csv,FOGOUSDT_4h_limit500_20260625_211441_enriched_candles.jsonl,SEMANTICALLY_EQUIVALENT,185,185,701217c8ecae1a557ac8ab76bbea9c6861cef1d07c5d4a730ebfbc662b08c827,701217c8ecae1a557ac8ab76bbea9c6861cef1d07c5d4a730ebfbc662b08c827
GUAUSDT_15m_limit100_20260629_142940_enriched_candles,GUAUSDT_15m_limit100_20260629_142940_enriched_candles.csv,GUAUSDT_15m_limit100_20260629_142940_enriched_candles.jsonl,SEMANTICALLY_EQUIVALENT,99,99,701217c8ecae1a557ac8ab76bbea9c6861cef1d07c5d4a730ebfbc662b08c827,701217c8ecae1a557ac8ab76bbea9c6861cef1d07c5d4a730ebfbc662b08c827
HMSTRUSDT_15m_limit500_20260707_181124_enriched_candles,HMSTRUSDT_15m_limit500_20260707_181124_enriched_candles.csv,HMSTRUSDT_15m_limit500_20260707_181124_enriched_candles.jsonl,SEMANTICALLY_EQUIVALENT,499,499,701217c8ecae1a557ac8ab76bbea9c6861cef1d07c5d4a730ebfbc662b08c827,701217c8ecae1a557ac8ab76bbea9c6861cef1d07c5d4a730ebfbc662b08c827
HOTUSDT_15m_limit100_20260627_204433_enriched_candles,HOTUSDT_15m_limit100_20260627_204433_enriched_candles.csv,HOTUSDT_15m_limit100_20260627_204433_enriched_candles.jsonl,SEMANTICALLY_EQUIVALENT,99,99,701217c8ecae1a557ac8ab76bbea9c6861cef1d07c5d4a730ebfbc662b08c827,701217c8ecae1a557ac8ab76bbea9c6861cef1d07c5d4a730ebfbc662b08c827
LABUSDT_15m_limit500_20260707_180937_enriched_candles,LABUSDT_15m_limit500_20260707_180937_enriched_candles.csv,LABUSDT_15m_limit500_20260707_180937_enriched_candles.jsonl,SEMANTICALLY_EQUIVALENT,499,499,701217c8ecae1a557ac8ab76bbea9c6861cef1d07c5d4a730ebfbc662b08c827,701217c8ecae1a557ac8ab76bbea9c6861cef1d07c5d4a730ebfbc662b08c827
LYNUSDT_15m_limit500_20260718_185949_enriched_candles,LYNUSDT_15m_limit500_20260718_185949_enriched_candles.csv,LYNUSDT_15m_limit500_20260718_185949_enriched_candles.jsonl,SEMANTICALLY_EQUIVALENT,499,499,8008241737123a8c698e53a811722815ca75a0414cf90ff3da08ed2f8cae6fee,8008241737123a8c698e53a811722815ca75a0414cf90ff3da08ed2f8cae6fee
LYNUSDT_15m_limit500_20260718_190753_enriched_candles,LYNUSDT_15m_limit500_20260718_190753_enriched_candles.csv,LYNUSDT_15m_limit500_20260718_190753_enriched_candles.jsonl,SEMANTICALLY_EQUIVALENT,499,499,8008241737123a8c698e53a811722815ca75a0414cf90ff3da08ed2f8cae6fee,8008241737123a8c698e53a811722815ca75a0414cf90ff3da08ed2f8cae6fee
LYNUSDT_1h_limit500_20260718_190125_enriched_candles,LYNUSDT_1h_limit500_20260718_190125_enriched_candles.csv,LYNUSDT_1h_limit500_20260718_190125_enriched_candles.jsonl,SEMANTICALLY_EQUIVALENT,499,499,8008241737123a8c698e53a811722815ca75a0414cf90ff3da08ed2f8cae6fee,8008241737123a8c698e53a811722815ca75a0414cf90ff3da08ed2f8cae6fee
LYNUSDT_4h_limit500_20260718_190717_enriched_candles,LYNUSDT_4h_limit500_20260718_190717_enriched_candles.csv,LYNUSDT_4h_limit500_20260718_190717_enriched_candles.jsonl,SEMANTICALLY_EQUIVALENT,179,179,8008241737123a8c698e53a811722815ca75a0414cf90ff3da08ed2f8cae6fee,8008241737123a8c698e53a811722815ca75a0414cf90ff3da08ed2f8cae6fee
LYNUSDT_5m_limit500_20260718_185241_enriched_candles,LYNUSDT_5m_limit500_20260718_185241_enriched_candles.csv,LYNUSDT_5m_limit500_20260718_185241_enriched_candles.jsonl,SEMANTICALLY_EQUIVALENT,499,499,8008241737123a8c698e53a811722815ca75a0414cf90ff3da08ed2f8cae6fee,8008241737123a8c698e53a811722815ca75a0414cf90ff3da08ed2f8cae6fee
MAGMAUSDT_15m_limit100_20260626_133221_enriched_candles,MAGMAUSDT_15m_limit100_20260626_133221_enriched_candles.csv,MAGMAUSDT_15m_limit100_20260626_133221_enriched_candles.jsonl,SEMANTICALLY_EQUIVALENT,99,99,701217c8ecae1a557ac8ab76bbea9c6861cef1d07c5d4a730ebfbc662b08c827,701217c8ecae1a557ac8ab76bbea9c6861cef1d07c5d4a730ebfbc662b08c827
MAGMAUSDT_1d_limit500_20260626_145834_enriched_candles,MAGMAUSDT_1d_limit500_20260626_145834_enriched_candles.csv,MAGMAUSDT_1d_limit500_20260626_145834_enriched_candles.jsonl,SEMANTICALLY_EQUIVALENT,30,30,701217c8ecae1a557ac8ab76bbea9c6861cef1d07c5d4a730ebfbc662b08c827,701217c8ecae1a557ac8ab76bbea9c6861cef1d07c5d4a730ebfbc662b08c827
MAGMAUSDT_1h_limit500_20260626_145855_enriched_candles,MAGMAUSDT_1h_limit500_20260626_145855_enriched_candles.csv,MAGMAUSDT_1h_limit500_20260626_145855_enriched_candles.jsonl,SEMANTICALLY_EQUIVALENT,499,499,701217c8ecae1a557ac8ab76bbea9c6861cef1d07c5d4a730ebfbc662b08c827,701217c8ecae1a557ac8ab76bbea9c6861cef1d07c5d4a730ebfbc662b08c827
MAGMAUSDT_4h_limit500_20260626_145844_enriched_candles,MAGMAUSDT_4h_limit500_20260626_145844_enriched_candles.csv,MAGMAUSDT_4h_limit500_20260626_145844_enriched_candles.jsonl,SEMANTICALLY_EQUIVALENT,185,185,701217c8ecae1a557ac8ab76bbea9c6861cef1d07c5d4a730ebfbc662b08c827,701217c8ecae1a557ac8ab76bbea9c6861cef1d07c5d4a730ebfbc662b08c827
MANTAUSDT_5m_limit100_20260628_164201_enriched_candles,MANTAUSDT_5m_limit100_20260628_164201_enriched_candles.csv,MANTAUSDT_5m_limit100_20260628_164201_enriched_candles.jsonl,SEMANTICALLY_EQUIVALENT,99,99,701217c8ecae1a557ac8ab76bbea9c6861cef1d07c5d4a730ebfbc662b08c827,701217c8ecae1a557ac8ab76bbea9c6861cef1d07c5d4a730ebfbc662b08c827
PUNDIXUSDT_15m_limit100_20260626_175634_enriched_candles,PUNDIXUSDT_15m_limit100_20260626_175634_enriched_candles.csv,PUNDIXUSDT_15m_limit100_20260626_175634_enriched_candles.jsonl,SEMANTICALLY_EQUIVALENT,99,99,701217c8ecae1a557ac8ab76bbea9c6861cef1d07c5d4a730ebfbc662b08c827,701217c8ecae1a557ac8ab76bbea9c6861cef1d07c5d4a730ebfbc662b08c827
RAVEUSDT_15m_limit100_20260629_143329_enriched_candles,RAVEUSDT_15m_limit100_20260629_143329_enriched_candles.csv,RAVEUSDT_15m_limit100_20260629_143329_enriched_candles.jsonl,SEMANTICALLY_EQUIVALENT,99,99,701217c8ecae1a557ac8ab76bbea9c6861cef1d07c5d4a730ebfbc662b08c827,701217c8ecae1a557ac8ab76bbea9c6861cef1d07c5d4a730ebfbc662b08c827
SKYAIUSDT_15m_limit500_20260627_190626_enriched_candles,SKYAIUSDT_15m_limit500_20260627_190626_enriched_candles.csv,SKYAIUSDT_15m_limit500_20260627_190626_enriched_candles.jsonl,SEMANTICALLY_EQUIVALENT,499,499,701217c8ecae1a557ac8ab76bbea9c6861cef1d07c5d4a730ebfbc662b08c827,701217c8ecae1a557ac8ab76bbea9c6861cef1d07c5d4a730ebfbc662b08c827
SKYAIUSDT_15m_limit500_20260707_181108_enriched_candles,SKYAIUSDT_15m_limit500_20260707_181108_enriched_candles.csv,SKYAIUSDT_15m_limit500_20260707_181108_enriched_candles.jsonl,SEMANTICALLY_EQUIVALENT,499,499,701217c8ecae1a557ac8ab76bbea9c6861cef1d07c5d4a730ebfbc662b08c827,701217c8ecae1a557ac8ab76bbea9c6861cef1d07c5d4a730ebfbc662b08c827
TACUSDT_15m_limit500_20260707_180859_enriched_candles,TACUSDT_15m_limit500_20260707_180859_enriched_candles.csv,TACUSDT_15m_limit500_20260707_180859_enriched_candles.jsonl,SEMANTICALLY_EQUIVALENT,499,499,701217c8ecae1a557ac8ab76bbea9c6861cef1d07c5d4a730ebfbc662b08c827,701217c8ecae1a557ac8ab76bbea9c6861cef1d07c5d4a730ebfbc662b08c827
VELVETUSDT_15m_limit100_20260626_190253_enriched_candles,VELVETUSDT_15m_limit100_20260626_190253_enriched_candles.csv,VELVETUSDT_15m_limit100_20260626_190253_enriched_candles.jsonl,SEMANTICALLY_EQUIVALENT,99,99,701217c8ecae1a557ac8ab76bbea9c6861cef1d07c5d4a730ebfbc662b08c827,701217c8ecae1a557ac8ab76bbea9c6861cef1d07c5d4a730ebfbc662b08c827
VELVETUSDT_15m_limit100_20260627_161019_enriched_candles,VELVETUSDT_15m_limit100_20260627_161019_enriched_candles.csv,VELVETUSDT_15m_limit100_20260627_161019_enriched_candles.jsonl,SEMANTICALLY_EQUIVALENT,99,99,701217c8ecae1a557ac8ab76bbea9c6861cef1d07c5d4a730ebfbc662b08c827,701217c8ecae1a557ac8ab76bbea9c6861cef1d07c5d4a730ebfbc662b08c827
VELVETUSDT_15m_limit100_20260627_181248_enriched_candles,VELVETUSDT_15m_limit100_20260627_181248_enriched_candles.csv,VELVETUSDT_15m_limit100_20260627_181248_enriched_candles.jsonl,SEMANTICALLY_EQUIVALENT,99,99,701217c8ecae1a557ac8ab76bbea9c6861cef1d07c5d4a730ebfbc662b08c827,701217c8ecae1a557ac8ab76bbea9c6861cef1d07c5d4a730ebfbc662b08c827
VELVETUSDT_1d_limit100_20260627_161135_enriched_candles,VELVETUSDT_1d_limit100_20260627_161135_enriched_candles.csv,VELVETUSDT_1d_limit100_20260627_161135_enriched_candles.jsonl,SEMANTICALLY_EQUIVALENT,30,30,701217c8ecae1a557ac8ab76bbea9c6861cef1d07c5d4a730ebfbc662b08c827,701217c8ecae1a557ac8ab76bbea9c6861cef1d07c5d4a730ebfbc662b08c827
VELVETUSDT_1h_limit100_20260627_161039_enriched_candles,VELVETUSDT_1h_limit100_20260627_161039_enriched_candles.csv,VELVETUSDT_1h_limit100_20260627_161039_enriched_candles.jsonl,SEMANTICALLY_EQUIVALENT,99,99,701217c8ecae1a557ac8ab76bbea9c6861cef1d07c5d4a730ebfbc662b08c827,701217c8ecae1a557ac8ab76bbea9c6861cef1d07c5d4a730ebfbc662b08c827
VELVETUSDT_4h_limit100_20260627_161103_enriched_candles,VELVETUSDT_4h_limit100_20260627_161103_enriched_candles.csv,VELVETUSDT_4h_limit100_20260627_161103_enriched_candles.jsonl,SEMANTICALLY_EQUIVALENT,99,99,701217c8ecae1a557ac8ab76bbea9c6861cef1d07c5d4a730ebfbc662b08c827,701217c8ecae1a557ac8ab76bbea9c6861cef1d07c5d4a730ebfbc662b08c827
